tfidf_term_1,tfidf_term_2,tfidf_term_3,tfidf_term_4,tfidf_term_5,tfidf_term_6,tfidf_term_7,tfidf_term_8,tfidf_term_9,tfidf_term_10,tfidf_term_11,tfidf_term_12,tfidf_term_13,tfidf_term_14,tfidf_term_15,tfidf_term_16,tfidf_term_17,tfidf_term_18,tfidf_term_19,tfidf_term_20,tfidf_term_21,tfidf_term_22,tfidf_term_23,tfidf_term_24,tfidf_term_25,tfidf_term_26,tfidf_term_27,tfidf_term_28,tfidf_term_29,tfidf_term_30,tfidf_term_31,tfidf_term_32,tfidf_term_33,tfidf_term_34,tfidf_term_35,tfidf_term_36,tfidf_term_37,tfidf_term_38,tfidf_term_39,tfidf_term_40,newsgroup
0.7775960617922721,0.21350984205425927,-2.0809271801570635,-0.5289163791046552,2.230965822073094,-5.843402009163923,-0.08269774501839869,-3.1424356556908117,-0.09508510211886434,-1.0003564547668573,-1.98468794144591,0.23513529936618852,1.1361913746425423,0.9475119085755672,-1.4587583925306935,-2.1589584892410585,0.3310489592156949,-9.190568957873458,-11.001160832352477,9.040567045356863,-4.023002531612993,-2.072355181695998,-0.6973642279161708,1.3342291941726905,-4.907502885678857,0.6746949778086199,1.4352774708492528,5.607133013658706,0.1540318416835874,-1.9236611460339235,1.3001456399516849,-0.2671374859417547,1.1381503309676184,-0.8244665751671795,0.3590550934803667,-2.234718845897242,1.8496130997978082,-0.61836502004413,0.8424993283091806,-0.7948936470016904,sci.med
0.14432647172603683,2.875920469538762,-4.765062313108132,1.6923465724632047,1.4524589017379568,1.54894571986786,1.5512452664277294,2.6308172476132117,0.18631491930367128,0.5017712062023467,-0.34815739681731317,0.33935581275622034,0.8822864925992157,1.0653762722596027,-2.703348047107357,-1.9814720619265163,-0.06483800178407462,1.0461892508475734,2.384308786388393,0.9386730859237955,-1.8648847162708582,-1.22322023006193,0.1454272174057594,-0.30601395435740886,-0.7510641945859053,-0.2580455156111615,-4.168759772295163,-1.0946459848524006,1.4246277320772434,0.7785742523451586,1.2635572317489854,-0.07492655611844788,-0.7037103993314333,-1.3930255170798087,-0.7615878650362199,-1.518261845658702,2.6206770261800125,1.2685832356474693,1.7056065603547268,0.491412756355527,rec.sport
1.2744284266875814,-6.261345203309811,7.408705254438641,1.1188945979306693,-1.174772425701764,2.3293945413457715,-0.24633528117984818,0.4424963238309513,1.8807218727801382,1.498936182742264,0.3576613666310894,1.0984848760518187,-2.301471717669987,0.8983595683469856,-0.17167365392478334,0.8711339332271274,3.3947907853381,-9.193988188668385,-6.187557526576541,11.210927702839387,-1.9068846073307912,1.3902553275119895,-0.2589387965783906,-0.4268041949352576,0.45915902831044275,1.1247767199858125,7.145097769257161,-2.045602778647875,1.7873464144298254,2.0362200965056743,2.9406017210374085,0.06450597286257172,-0.1878594010087195,2.477334658756193,-0.8208789224096867,-1.9855982003652997,1.2365421133549164,-0.5125887969785088,-1.7720014733168516,0.6832124040010689,comp.graphics
0.184827033621654,-2.933446313828699,1.098698132190801,-0.19906255375986986,-1.3306262996634348,0.179112243561532,1.4152045267018234,-3.617224276216687,-3.332769160185813,0.21764133787654827,0.23764265629995912,0.5598284488280599,1.8418156093866072,0.6268770635290218,0.33276047863701036,0.5497845446745626,-2.3631960940337366,-0.29731089116765763,4.797303204255946,-1.1386258551913377,0.3819756535989163,0.4764301667171248,-0.9880028180029409,0.347397486434762,-0.9750970758100335,-0.0487656518431153,1.953467981082238,0.3744914742713755,-0.15326055339930547,3.5558345554360526,0.33585189925532677,-1.2107426266291645,-0.1471927507680115,-0.9576370506768324,-0.1453494223138852,-3.223152497827849,2.0398245922283404,-0.9885290078659005,0.08291580662771203,2.2409265562057925,talk.politics
-0.5001978170959958,-5.795063742241394,-5.925493000127351,-0.3733684250030844,-1.8997455422032794,-1.1950128812074634,0.2935375299686405,7.542618302583788,1.045475669994227,-0.5569533424179907,-0.1833007095261973,1.6367399618306397,0.24941768768504166,-0.03658997434293117,-0.16985235767773066,-2.7953430597918594,1.0495504049789937,-5.497559914321756,5.906753377677812,5.1933076636307485,-4.217027200829108,-1.9673250642259945,1.5154448083522476,0.1247520996639345,1.7890178909056889,0.6596499980823705,0.8927182393982045,-3.930986871859507,-0.021244779276242128,1.8931126951491954,1.1985653900636406,-0.01979434452070797,0.3817341689625093,-2.272344120933271,-0.326673247509044,2.478290071947736,-5.952370268564358,1.0901834710204468,-2.72347074581565,-0.7480960646216471,comp.graphics
-1.7392051521728,-1.7237212661765497,-13.41910919352248,-1.1145323150080617,2.1767108881961774,1.5772114229006353,-1.290942219493224,0.5949399904612426,2.0009878675823174,-2.9149906960173615,-0.20412976887271617,-2.2746210312061996,-0.40697436637337114,0.28123049221860413,1.1067104242873174,2.3912242758884696,-1.0574740403816978,-13.097989507979804,-2.008691084494346,0.057475967292394965,-1.3042132635186956,2.3674143640271215,-0.5913947298380474,0.5637878750069146,3.1674942039187477,1.489599409447649,0.13652272706948487,0.6550136315828142,-0.3777648875224771,2.795955616050862,3.308005812708414,3.1176811292080475,1.555198534147342,0.2376856331328563,0.014004967371380734,-2.6954196751206743,0.013752176553687878,-1.2703620463250862,-3.276497396913438,1.15469376671672,rec.sport
0.21498281745454795,-1.018632100976381,-1.8393383790322162,0.3149718715553322,-1.7780971131268029,-2.567115838328159,0.2644816849513739,-0.1000955441141822,1.9270965720210456,2.9339043020937785,0.19286184315019064,0.6769940973750542,0.0637023597657709,-0.0762390173205976,1.1234272870957618,2.6290016978772366,-1.4918118436363683,-1.5646140090317249,1.8645040565638977,-0.41068114372805614,2.942657087272149,-1.7011404742672418,0.5019002337006719,-0.2927579187724547,-4.493949051271057,1.4968802738508562,3.4352023202329516,-0.3349846715994107,0.3740620881310435,2.139394836219112,-4.926990489956571,1.5184220306521798,-0.02881660158862331,2.011957972270834,-0.21682705022214338,-1.5065841042048043,-2.043142013426828,-0.6110850624767177,-3.8368749445567243,-0.24072430398905076,talk.politics
-0.12653257974705998,0.4894036079836702,-10.201691268022548,-0.8639798490760783,3.4969920311601763,0.06865600767294455,-0.2821257769339113,2.0404244669096974,1.9747272093704256,-1.1976861192315178,-0.37563366071734017,0.6951652483301405,1.2307029049844702,0.8900577324754597,-0.9103243419282839,1.1720758762274788,0.12097142685780593,-7.306917502643716,-6.229106694964179,-1.1295940763501244,-1.8784731133660828,1.5391423458106503,-2.350455852624361,-0.906902874722061,4.530174785175887,-0.6072614140860845,2.129633517610424,-1.1606326562406848,1.5723982102703271,3.8252661172756603,1.0340120522261358,-1.3048168904329494,1.67286820189853,1.6704676207716298,-0.9489528277686782,-1.7636824278947394,0.6967537439339715,-0.20020125430036984,-2.93026141440816,1.3992279500711593,rec.sport
-0.33577861774042206,-2.0191325140308845,-0.02940212949140451,-0.574601858183391,-3.2001776671660886,-2.3776734429623474,0.5558260275751273,-1.5314974507204766,-1.244496627727858,-0.8574280141818431,0.5712242102362395,-0.8034342741712571,-0.22652747238283805,0.6712701367053535,-0.3171028325739657,0.7069820711274175,-0.21882435737327333,-2.9953085458944866,-2.1815154177215224,1.425886615930105,-0.8474500417057222,0.36075575466383486,-1.4723540615107777,2.0084730109816995,-1.0958468071909608,0.7460239529828163,2.5636625412685,0.624249121806967,0.0722883471248695,0.2800521477311235,0.19952362474538154,1.3906435959499572,0.7339504783642384,3.1733404946056005,-0.43042769880071585,0.19657106610923614,-0.006261328985328829,-0.6275400027440727,-2.2311461801564287,-2.0534865486558886,talk.politics
-0.8980272263244584,-0.46314311584747125,3.3187355546481294,0.7841464163534985,1.7088813108682397,4.287592078612587,0.5053371476473485,-2.6052969226520606,-0.2843887019601763,-4.0147343019537045,-2.252793394731339,-0.46126705049830724,0.5278393499155871,-1.481580771551368,-0.7660452024003999,4.807444637369954,1.7904657287757233,-12.1543913390866,5.387521523253955,2.762442117449869,0.662303353028429,-1.3453354874152414,-1.3833407769716104,-0.12826348048383082,-6.276166812781346,-1.3394697749577562,0.4796902743389386,-0.6413017098352037,-0.2811640424645573,-3.429110431000737,-1.1182877906284692,0.3359681734405766,0.9017286971402739,-0.21465799796779117,-1.8996702808588812,-3.8629876704777697,2.4320184237804963,0.1351903409873859,1.532966386201509,-0.3262337044413596,comp.graphics
-2.651828063044949,1.8706697300901804,-13.405218271838766,0.5896392313574,-3.1286873700093656,5.147342919235096,-3.2210163559857135,4.933058441857302,2.0999481530206934,-4.859347910587783,0.6865677467531761,-0.7377367046848409,0.39559883476294233,-0.390408738280471,1.3663894118544384,6.4460790821179055,3.8070899845849686,-18.483077177100103,-5.244388651980075,-6.808624548139493,-4.603326865742635,-0.5279940217656136,0.3097267791360022,-1.6808704592381203,3.6884168053334676,0.5161440395863797,-1.742058901014391,0.10406526497853874,1.3530691601664073,-1.3342102067919976,0.9652214547143672,0.741073780682286,0.475751991831532,2.7333961925988186,0.034271814200222225,-2.588664120725685,-0.3006577429896147,-0.6525282932166452,-7.011265676033411,-0.6111771520193271,rec.sport
-0.6316515245136439,-0.557849601798823,-1.5033310251082386,0.8293237725828624,-0.6640152478709506,-1.0388001873428492,-0.08708472614314992,3.5456172865187936,2.599082979545198,6.406937236296249,-0.18403239919900272,-0.3635732949150291,1.879874549421008,0.012223548415169466,0.2912027551380325,-0.10476020863052793,-4.165198035947791,12.489105928222724,10.834627293896379,-6.487833059411968,-2.202733563251286,1.1992995729215856,-1.426018117120452,-0.3278064598765229,0.699843224284147,-1.1966655922843958,-1.1194851478335928,-2.2013502907620524,-0.03227689410261781,3.784695748454997,-2.9023913852481296,-2.4878220575623313,0.39387321816474324,-0.1750808513279194,0.5207561203587112,2.521462997221949,-3.194454446376575,-0.26556051251854124,4.687345715962224,1.3701018536103708,comp.graphics
0.6351000115979253,-1.6459417142469348,-0.4674517554844846,0.49663461497989536,-2.5194924087022743,-3.3875625253965334,-0.5140888043678978,-3.6139778416401187,-0.4835769946359484,0.661540411731088,-0.8668845848834666,-2.0140632742377633,0.8976557716497436,-2.1146935990737354,0.40016960520049744,-2.8907910085231068,-1.5120428307463472,6.438999773585438,8.820703645316902,4.932380628530941,-2.5538285214363166,-1.1586032636594852,-0.815909535148553,1.187713384138455,-2.468814690542792,-0.42390107233259605,5.474386705734234,-3.0482274288007734,-1.8156489758788175,5.800747433339929,-0.475164610029978,-0.02968879028597843,-1.153706323630364,-0.7380060221012712,1.2561974394136823,-0.4538250543635094,-1.0158840312785793,0.06323214651310118,2.789721276628887,-0.27583995989645654,talk.politics
1.193586535476262,3.5020546070496206,1.2214596139799698,0.07386343441088038,1.645290032097694,-2.2418433031844582,-0.057836612377593744,-2.499660076121951,-1.6312698439477884,2.072885871212641,0.14431001943507885,-0.3198262778887562,1.1277880271116458,0.10798392072522883,-1.3404886413664368,-1.7181855803453865,-0.6480592393739701,5.83163296855364,-7.905999755489471,-6.674610837510143,-1.282815550987922,0.10618291944021628,-0.9250846204786352,-0.7934597298834714,1.4603705784304981,2.6068591631497697,-3.1356536342260255,5.648223862614338,-0.6378086928599359,-2.6652466167239144,0.5014525013885374,-1.8337057676294346,-0.4502018916658434,0.9964490517841222,0.11397066812777235,2.200249825223497,-2.711333945221302,0.19340636718971696,1.6663456424441694,0.05969188057973627,sci.med
-1.1738733263060288,2.3310997409065477,-3.4501772096162426,0.3888189102637133,-3.4761894442374217,-0.5757317653933439,1.3304323443788164,1.7074455656078051,-3.9625648427083897,1.0664983419802887,0.08559470394452544,-0.071120290830336,-0.12058718847346953,0.16663789531183854,1.1126343052033019,-2.4200774223542103,-0.48234149442306484,9.458991609769505,11.981085216354266,-8.008159133668446,0.09102131494700383,-1.9354299597138063,-1.487861703490623,-0.485678744575047,-2.012209580346896,1.0599501697623763,-4.2749794867766635,-1.2715214070972454,-0.5491589417637764,5.414735446573956,-3.84823106142733,-0.27837296760789404,-1.1251861017311617,1.7434174585692002,-1.3401248956547858,0.32845714182823715,-0.26210054919236914,-1.1941866514118442,-2.0420860198863195,-1.0126444414430895,sci.med
-0.2581751380314344,-0.1876624433747962,-7.104350304777157,3.0982994340712575,1.2145641577179467,-0.1365492476335104,-1.625544033562061,1.1501952117754863,2.1457564657700434,1.2829990668728994,0.29523257504060313,-0.6493648196138809,-2.5065715705367166,-0.13808233466148176,0.5101243612500749,0.36379214880701494,0.24725366284466577,-3.254241837481603,0.48534138120612164,-0.37063042416642483,-1.1744503673430438,-1.7472216669652556,-0.28483693774220137,0.13949779614745886,-0.24621551652187945,0.5911361179239325,-0.25836542644012805,-0.2929873050734316,0.094621044669358,3.4016198731323612,0.3948792524705431,-0.23823367505561752,-0.10619409003975315,2.6534059846530216,0.29746205311781654,-1.0406305963699147,-1.813360170358974,-0.10697146985848006,-0.701672830798256,1.9422455947562995,comp.graphics
1.278434957965715,-3.4047061813238413,-1.6956578977716446,1.4955717364824264,-1.3908990227958948,0.3369472879450246,-0.9331190886861417,-0.10946356003321789,-4.174743868516307,1.1193732357136421,-0.6514425498636812,1.0331898643631479,0.6734727961582307,2.768373605625943,-1.0010095444828142,1.3898424858717755,-0.8337374656586174,2.575174244061653,6.9289377015588745,-10.86922763056797,-4.189282914518926,0.6110709051105707,1.7872399646046684,-1.9259778184451013,3.3066029079009844,-0.25155190018413637,-0.6165288418417469,0.35049848163811237,-0.7664664310197877,6.513260240935567,1.1938836880256598,-1.866700586803942,-0.433990462215957,-1.802539304462188,-0.24691832748945464,-2.8277380908375473,-0.018649258464955132,-1.9255673603328771,4.692384303343919,1.4937097590055342,comp.graphics
0.39537368118566585,0.9668581334872166,-9.971508515967495,0.9316659668680948,3.957382440374502,1.062471544568314,0.4704829961291065,2.3877998341803837,0.10414000708036575,2.2872661939965617,-0.24897365528067522,-0.795988910008754,1.9723444790822,-1.2858640172797149,-0.31267716965327597,0.5301232272618914,0.9376322070003387,-8.274828963178793,-9.169244777842811,0.6255344229187596,-0.3136902650735097,-0.39343789627455045,0.5724453061551018,0.6091355190535136,0.8201723206319049,-0.5054897554445111,-0.3504743001912768,-0.9617789255122575,-1.909197458977243,3.350461843058852,4.440769103748178,0.31412949645066596,0.3970466698823999,2.1564813778097562,0.46425123812300356,-4.728638571071161,0.3337913711493281,0.20885354253433172,-1.8617738191175115,0.05821272708505647,rec.sport
0.23173094203039254,2.5106326398076138,0.12988148244595488,-0.4323011858095411,0.05602803192824468,-0.4692333176598409,-0.6003386590064871,-1.8497398814792287,-3.2068964115816154,2.780412477453401,-0.6342747168173137,1.2884336225033886,0.5935394322931908,1.8951486121089698,-0.9273730056959336,-2.812533863113062,-1.7558351695706589,7.432308026158838,2.894780353731124,-7.685934177930975,-1.8729174740124284,1.048203967675276,0.23782954075833587,0.5846229524867408,-0.02680096327439241,-0.2631612720598266,-2.4616827942449406,1.936390582884434,-0.8381764823315314,1.9424951514808486,-4.18155313258016,1.1288474875493895,0.47962531955157295,1.4346382986469284,0.003060116738572855,-0.7568601592474198,-0.6085547518785023,-1.372409737561307,-2.023193254052491,-0.3056324424067956,sci.med
-0.8927733072761507,-1.1529878078713192,-9.577724649860267,-1.2243872733579544,2.515621802665323,-1.1708742353192918,-0.3894035615253766,6.5096678687430956,-1.207788111184254,4.234317419506928,0.10776005545254295,0.38420922164946225,1.3558053394315013,-1.587188069678454,1.734041954422619,8.39545228256584,-3.255825390616211,-10.705311166028874,0.7058306735456843,-17.25480013256523,1.8662917173137095,-1.197957962340662,0.5586952829218191,-0.9073265593722656,-4.256625712221399,-0.20731609600824458,2.8638297446114707,3.2052133974020744,-0.42657125283057357,6.323928403709148,-4.07205145167338,-0.24989373581204613,-0.40463852004094636,0.30170845329569085,-0.03494150045863278,-5.0830671431633085,-6.999427532247159,0.6235257988258587,-0.9196859156649959,1.8054168464197806,talk.politics
-0.11599707232153356,-3.002866680986936,-6.736102800764662,-0.7423863704307346,0.06545212598083694,3.824269109101503,-0.8544934627380543,-1.3668018902375587,1.2285687795684221,-4.30372014243746,1.0852222636616315,-0.11381253841375806,-0.4030658680367221,-0.8766970856192929,1.8978872926587056,1.7305857271407274,-3.220388006396786,-9.424183585113704,6.696783027599451,1.5866793298113309,0.032158046363146564,1.167741925527779,0.5480669247071704,-0.05727041082210227,1.7815502642694057,0.6604599523515503,-0.2652684044681278,1.5098179078417033,-0.7750449630162398,0.40484375492556346,3.0391627385807647,0.03855516878431771,-1.339489366528659,-4.3209185924762075,0.2722367253273881,-1.79212968204078,0.5051219075856305,-0.3854932409123582,-0.981080399158922,-2.0713771793381572,rec.sport
-1.2981039036871578,1.2427652420917652,8.968834813798734,-1.4072934434924025,6.05857479542941,0.006021699358542243,0.8100272385061165,-0.8303463243032159,-2.4532298180464567,1.9008435220972304,-1.0259648174807778,0.7132662507965424,-0.7248610838000522,1.419035611367264,1.3142265757035791,-2.7843373852003657,0.44756760414704055,3.6078060973449886,-9.615480583612873,-2.970760307599903,2.350415243167036,0.021888821164834777,-0.9560585516833945,0.1255485866511483,0.42215215299745035,0.29335203632298334,-1.7344436433484685,5.156675194786531,0.31695200698411535,-2.90413450250871,1.9496822249534145,0.6072890151016929,2.3176367886738785,0.8160116607458494,0.054051662846000936,1.0232949653535532,-2.376306634288155,0.7298193622676307,4.122452522808328,1.391920887679919,sci.med
-0.5552804969053294,-0.09258606025327731,-6.328412035800671,1.0595655726233972,-0.6432359560611742,2.3046544035167433,0.30613455310275534,2.6937099073974027,3.275530153224908,1.2068995200008168,1.7279638353817652,0.7642132033388553,-0.23105953684089858,-0.9154770290902925,1.0380125273159622,-5.210518946788337,-0.28584745746371076,3.224221392215423,5.654485588103049,3.924686077149581,2.4495042021621067,1.3111622966036165,-0.7596730177525534,1.9435288811221971,0.646100124687493,0.12645921906069005,-1.1581210399116857,-1.9105565360338261,0.8640699821389469,6.572296185482234,-0.0058184018857478925,-0.4693464664267112,0.6636463470328414,-1.7477072544629273,-1.1918747041912499,-5.383034776216495,1.8956063752245476,-0.5028687536709558,-0.6972416001412072,1.178865937036939,rec.sport
1.1951774115114164,0.6706213885380332,2.5109521331620197,-0.16206210203682392,-3.903101249439308,-1.7521371854290062,0.583837081539059,1.9507301538454487,1.3331084621863447,-1.401777909514334,0.20934885733468878,0.2688507864009919,-0.4352481970051683,-2.1268334877992654,-0.48021443413239945,-0.714917771399167,5.390408421021702,-3.0966720381712314,-5.527658041191491,3.7518889526951322,-3.2792544372030656,0.12063476089345412,-1.4921020171453638,0.2750022982918108,-1.2812709920628869,0.03162197391024777,-1.1684921386674072,4.26169641373757,1.0440251294423797,0.3430031041381886,0.3672101495271105,-0.04504411801092395,1.295207072669644,0.22775532025220846,-1.4089607467920393,1.797845844194584,1.2955242957460011,0.27168358450003066,-0.38720411401979504,1.5907957421712526,talk.politics
-0.5738199139101188,1.6118062615715527,-0.43802888390434513,0.32864402580480856,-0.16687633954806036,-0.0626088024776541,0.8201435941230599,-0.71787887885883,-3.3631968249024142,-1.003438921137122,1.4086194934459193,-0.568876975197369,-0.467738683858582,0.1756035498043702,0.7831556560131748,2.237848933224851,1.063481460724146,-8.851552135991723,-3.7883956662884652,0.04133234135514938,2.133370267312838,-1.525662409286842,-1.28950006972398,1.0185374276503947,-7.192626030663352,-0.15195112347198586,5.573964283246603,1.003379025682581,-0.5969720279011155,1.4703962176165368,1.1241695167481776,-0.12574629749577262,-0.301579807791105,1.4764047783577494,-0.7982060763581541,-4.084115274895273,-3.261015453373844,0.8092586281232986,-1.1531135234935488,1.232328605214664,talk.politics
0.04600638673634095,0.5317758801423618,-8.116832740391969,2.497415126419854,-1.1580421518719637,0.5548240809189098,-0.4876334209549628,0.09151915773655661,5.245557260429378,-1.447213474374564,-1.3189684983025107,2.8243305910030463,-1.4362538649281178,1.378467355453808,-0.6411142602246448,2.2953728901152455,3.5306598540744654,-7.8361160382595525,-3.599209938791938,-2.809625645533685,-1.4075880674424395,0.007362681423567135,-1.730262730484345,0.7165893397596517,-0.013035880862114269,-0.6715122069805457,1.720918937966396,2.674680996825244,-1.478546936998799,3.4387142345109343,1.1343643172712563,0.020106466869098387,1.3338857455005728,6.263215827189301,0.6939232331912581,-1.5389964891999643,-4.97298406152419,-0.0547783603388251,0.5939682022328457,-0.9224129848439533,comp.graphics
-0.3059544315315921,0.6450636043400829,-3.334508699668834,0.9481429504720496,0.6501883981751271,-0.10271324113466895,2.1112963340995843,0.20861346956972704,5.212297493276573,-4.099368507522039,-0.09534109119668262,1.2744402278489033,-0.8605654038138869,-0.6167753615197077,-1.236478286592349,-0.9866879184467618,-5.1026766135092565,-1.1988803184840688,1.063282419532469,6.084409459893139,-0.34939888463677704,-1.1809724836643856,-0.4213568077704419,-0.36723700079928584,2.3876696216618374,-1.3479957843671688,2.5334916879848093,3.6096455891408414,-1.1516811090343435,0.8559869457780267,0.6262915601939629,1.7303218148571686,0.6213467399691023,-4.876162405092859,-0.3230423687730068,1.368448602125646,4.780532407117719,-0.605679999935798,1.6734380205124262,-0.03204237068048687,rec.sport
-0.6302492950044363,1.0222079182350141,-10.056247891806732,0.8331577666294346,1.6065529902400506,-1.05928806288979,-0.5450872299955903,1.936525947092504,2.049119086988487,-3.622314503144537,-0.7199895332219391,-2.7075438553811773,1.8167556295751046,1.1062315588599687,0.8642483846986365,2.856486906934906,-1.2734611382467662,-7.287709150885088,-0.6289078731027933,-1.6679390164125962,-2.368177611490667,-0.7494159869569733,-0.11131884879780068,1.5361567728549452,1.9816693239234437,0.2006986942888783,-0.9721266568840814,0.17894382872639003,0.33776609905460137,-0.5036828154082813,0.040375680399334035,-0.9240628073410654,0.2990857340211059,-0.3691695087845218,-1.2692911052431042,1.1149122112408272,1.137293905162711,0.2572534211115017,-1.047527221258188,-0.3444772087524527,rec.sport
-0.33304762097552243,0.3490790552364378,4.040619152964188,0.46330151023423083,-2.7584339647646727,-1.6746541673984103,0.04455216557115131,3.8044767078163018,0.4661084296435356,7.294989762736015,0.5665409870816561,-1.2244022070472718,-1.366114080933685,-0.42581799836655126,-0.2758957214401739,1.2146258512095764,0.6532622827937089,1.7756639737514743,-10.522465002045477,-3.812635468739577,-2.6582258020051057,0.27798244021892227,-1.7681569117532319,0.08184433452953882,0.6324139723268092,-1.6571435851323046,1.4183133319326093,1.368898321142196,-0.8474738905650646,-1.9693638982932227,-2.924199466449484,-0.6484692000191374,-0.3006743604436826,-0.09883923388519023,1.0579607138387925,-0.3929241277470944,-2.169830374791866,0.47139126276499077,-3.243674910731861,1.2718995454239435,talk.politics
1.067997778058972,-2.7667835314056104,-4.927534466902994,0.67101780491777,-3.630712072127757,-3.7080180796414455,0.31282223676684645,3.2540514992453824,-4.01375112295598,-0.21174643896942147,-1.2540226524285165,-0.06387783283134668,0.5737671099019008,0.6586319527905097,0.9389694687047921,2.822970305475319,0.46325266797818965,-1.2740596625761107,-0.20280069927178063,-9.124384033291822,-5.2494905865664725,-0.29505618980564213,-0.541473006507169,1.1911730449400957,3.5640604529664817,0.2321945046423276,-4.216701629861587,2.835709142099584,-0.46285628571437976,2.5936587783511698,1.9127154776010185,-0.9989363762455913,-0.10200628012726169,1.167204563344716,1.3978443070314983,4.135836515960133,-0.15456772791375473,0.9954151904494745,-0.44051455569263,0.5755619258303651,talk.politics
1.3744849814275593,-0.777766579163885,17.83633594832586,-0.31667954593424946,5.69504140600736,0.1429945193008153,-1.1238784051255941,-1.150540244165363,0.024912791607926144,5.225812454738837,-1.0040796329550274,-2.9431415654717332,0.3780462604278832,-0.7507203344928128,0.8066764021643629,0.09996601794593474,6.56584929812705,2.7887785425518263,-7.836175498245309,1.536771233425975,-1.0683834501468634,-0.532143890173102,-0.8642852619405358,0.781497239460632,-1.0679214212183528,0.7927110177336647,0.42524154853232554,-0.3863054725034638,-0.38856822049120293,-5.797401755195526,-3.540588101760977,0.9443852228353897,1.135620585491476,-7.582569247300433,2.45987198502938,-2.9352534859102906,-0.677140435654022,-1.4766572235180533,6.717807027264752,1.0578010075419184,sci.med
-1.320892282506161,1.3877072929158119,-8.850565733705915,-0.1330031639300636,1.2200934162893016,0.8349805459185342,-0.02185674744212368,-0.16795697628588546,2.4738902648782686,-1.0528867849288142,0.15875605093754283,-0.4697644643371368,0.7072313738042767,0.6852900847109679,2.14300705458491,1.5791940591272378,-2.5884146433237953,-2.399393508282026,3.8914261901168365,-2.7873116313938042,0.6774711853075612,-0.19330422644796988,0.21838898754417418,-0.1934276285812056,0.3578170938489561,1.402009325919122,-1.2474703598151178,1.7615098919577725,1.471585082569894,2.1471691001984237,0.4086653420436488,1.156006669451127,1.2888634252063023,-0.47671916762033695,1.4751123643098556,0.23472895438480745,-1.3023953771068932,-0.3028852437989931,-0.44236461914999337,1.3460997945142577,rec.sport
0.09030979920643496,4.114458244438701,3.217855053893847,-0.8814337052269955,1.2271166233006678,-1.2095435279653752,0.18301292831148205,-0.7903500185063447,-5.411356650430507,2.0954867117072067,0.03433338856883548,0.9256767577138694,-0.9915270411046322,-0.42369071691067595,1.1644117405352703,-0.16580693530467294,-0.3801642684255313,12.025896670878952,5.450940227661483,-8.879619072896979,0.9707745019254241,0.07904780215027922,-1.5030468593574806,0.15060249284463378,-1.728838540298255,-0.48915617518421617,-0.4111789937010405,-2.780748949507351,-0.28815603051111766,2.2396770929563923,-2.2025879540010775,-0.36249900288206854,0.995693754370362,-0.582402991165213,0.10527862390967795,0.8883138120595853,-1.164175553646279,-0.5379785288219551,3.3278442785416074,0.4664445968402613,sci.med
0.34992371524939253,-2.677991186680979,5.237912066602725,-1.133421018292623,1.3634662471633783,4.639126568822688,-1.1433389910838607,-4.1859399441709755,-1.3942740509387253,-1.0009608225287077,2.3378277453883,1.0628536930332164,0.08747375368073924,0.7453607240778758,-0.8953543736592,1.3683580300361913,-0.46208734496991144,-1.790582099547803,11.996011930467422,4.370796058094757,-0.04745888948483201,0.07215323682176132,-0.5878563049080002,-0.7180647836182643,-3.6506526766713954,0.0935234964386097,0.06555462113730859,-5.519899578974155,0.738237230816162,-3.79387537419095,1.1654552271984409,-0.8607568017018197,0.23061084876621443,5.452013597511309,0.23304295152948393,2.4008182393991584,-2.72998756764175,-0.16270370156909178,1.0207581856184553,-0.8711930300076307,comp.graphics
0.38818579565473343,-4.0665234963593955,11.915378498767502,1.031380525277331,1.4301949576628523,1.7063042000180018,0.05651064846555637,1.385051540309168,-0.46570740485783646,1.4039120293764569,0.1487806348073052,-1.3528658889640388,-0.12492159532356542,1.8076308056706858,-0.9702713259082388,-1.4371656311613459,-0.4790968418925823,0.9169624471118702,-3.067671887775085,3.2915850833707827,3.211035392087183,-0.16007448660830478,0.1501356539562031,1.1433981071495527,0.2395977998581531,1.6414286277223145,1.3281337141850835,3.293654040578847,-0.24341030256790794,0.6251279993703545,1.5821162153122346,-0.17125630482493448,0.7124817644338045,3.741122908472355,-0.21519632356018042,2.576730161527963,0.6702565732713437,0.06578864864896251,0.6842547631644463,1.6629314471898375,sci.med
-0.08633785824672688,5.25909320011732,-8.093224257914047,-0.18919018127507997,0.7138069507845997,-3.611037835404826,1.121689142387919,-4.620267804784814,-1.6462610396526847,-3.798348694028898,0.836484137964941,-0.19543484652276386,0.2290948316463794,-0.4093405752186243,-2.215822425020668,-1.603670699414677,-2.7874022760635437,6.410589331888373,-1.7471356566083545,-8.53899320780026,0.9096050542766398,0.11494177175913174,-0.518637997484576,0.26881235641215423,1.2069349223170744,-1.0561115691870866,-1.1890039966903934,1.9563508951195079,1.4273286515947694,-0.22021246061746347,0.950588727428171,-1.0677225770385452,1.7183639957638757,-1.1182528471600395,-0.3231676657024847,-3.2594484162119617,0.5688152293732387,-1.8802884105687847,6.052772965234762,-1.025219085737433,sci.med
0.9057176004973654,-1.182983739881889,-0.42927571823776817,-0.034564239843803336,3.3236625922376684,-0.05342814608942881,2.037210639718358,-2.082519983462859,-1.2085578158330694,0.7784521980708787,-0.10381248440296688,-1.4000712344017388,0.14707682744597397,-1.6872790796411685,2.3456241618964406,2.5988209879751034,2.1548305569252046,-3.1834816859679376,12.61540370803899,-6.0710154627304815,-3.386754331338998,-1.1211340127579221,0.5303691889987993,0.20173865479604391,-4.135216640943696,0.8312111031997558,0.08590635654862755,2.7507548824139834,1.3801389388685148,5.771312204560783,-4.284903992833383,-1.1804604852320821,-0.11955875662639608,-2.213323868093191,0.5105353784512363,1.8317778385387957,-6.986211060485159,0.8715559662881419,1.0017722435959098,0.32717055287779023,talk.politics
-0.8341848487326238,-1.0605769046675748,11.243450043142929,-0.7373799034979586,-3.54016843820398,3.306735564414513,-2.4036686011005304,0.5607518684876012,-2.7378835796484102,1.0727847488001454,-0.22771961483575284,-0.35077820560155415,1.3924559414830675,1.2710653260070335,-2.2660520941492828,1.0571421592292143,-1.0073268049572512,0.18236837390278773,9.45774500324906,-0.5524609124689486,-5.591914512880913,-0.8174081344143398,-1.4787771238462857,-1.5004765491630017,-3.7472484203108882,-0.9800623018406142,0.21070802501539387,2.1438890913910793,0.321291470757388,-1.1366653256924144,-4.37524239904777,0.7154930967694852,1.6722659040975276,0.4847981324242232,0.6722934080404022,3.4376776516806418,1.2746391930013614,-1.6178006138153371,-1.9763025690603626,0.3807780713650517,comp.graphics
-1.1285906730970345,-1.048547336513222,5.4143661533797225,-1.532683970923734,2.578984525429051,-0.9033771265887813,0.8552015077482625,0.7714855038822339,1.175526361833714,5.054476775188198,0.3630042848060769,0.87278741446961,0.26429021015325105,0.7399440513793163,0.9724439979180102,0.890193743720556,5.668933890449762,-1.4540042229830232,-3.5946620154994258,1.293154051424575,1.43750182386272,-1.5255717080610838,-0.8679754225283319,-0.015471640726739578,-2.8151865443853157,1.6797473822215292,-2.577135560493007,-2.596215492219473,-1.1541633847795414,-5.797386724093527,-4.029127326375953,-1.7210775209604694,-0.21359324220504247,-5.482379565088427,1.3137821765718076,-3.0132874681841306,-4.123748440854108,0.3421060396504182,0.011761064836722124,1.917259148426123,sci.med
-0.29969605666431426,2.9830354443854588,-4.144048090685566,-0.7617603706826457,3.078833862487369,-1.1398824931012441,0.44489589500988425,0.6135789318667257,-0.3038731725040653,1.6605160410555295,-0.726774137833843,-0.04779925038478981,0.8507193944606469,1.4930031044432035,1.5758758095019694,0.011907072784247852,3.192665531833929,-4.268146083147524,-2.270373077744937,2.3330558373634913,0.6821221693445707,1.031653774575175,-0.6570352370173239,-1.1132948341146311,-5.724026361690537,-0.16013013959793715,-0.14386868985015422,-0.5530308712152014,-1.4089191026905246,1.5374746279102058,0.16344168405157422,-0.8776173568629051,0.9945582357416216,0.03258091223419557,0.8918630221607488,-2.040571311498034,-3.1073447790587982,0.618360566259665,-0.3827659812632829,1.455600479257298,sci.med
-1.3477092303094034,-0.12361125597941602,1.9167008745831422,2.2143299425565965,7.652044856761057,-3.3749044509201136,-0.6583827179404454,-2.434105750068928,2.3754919121287363,3.4704112699214322,1.9126881343567956,-0.032481035842094615,-0.5945036959490072,0.6037132405441962,-0.32175270399020833,-3.0831955600596466,2.05677452572466,-4.513069250091304,-11.5506715157145,8.210655842588068,2.643335658162058,-0.07567107265706344,0.15252588289761657,-0.5772287257105709,-3.8317275804192477,1.401500346552158,-1.1995778940770208,3.3410881490676436,1.5375513190343435,-1.948381994864743,-1.4661668945080275,-1.32484578093274,-1.5515374209681267,-1.66233734985772,0.4781405755558084,-4.7684416115962005,1.112084562403176,-1.208858864620722,0.6916412279894371,-0.5659371308924055,sci.med
-0.26330780687791616,0.7328070974766849,-3.9014010641785624,0.3374820747263991,-1.9927466701794945,-1.1081648475268773,-0.16195481694132746,2.0286623234291223,0.11164925608839371,-1.6916842533525467,1.5914003677628041,-1.2101609434141578,0.43841269949664524,-1.2511991366336779,-0.1570248284447078,2.465621265536426,3.227709690134831,-5.267552656893031,-1.8634521829445572,-6.592807248485522,-1.004370877585001,1.135947845943822,-0.38148941482409277,0.13249714349564554,-1.3226876852747305,-1.5325182768296637,-0.5836356731697805,0.6000616774499485,-0.1539976651978317,-0.9683522409671681,-1.7631574117778892,0.8767141863861161,-1.3204934434050315,2.528016043118342,-0.8839988567464406,-1.4877896934518284,-3.7887889155480234,1.5794378916948595,-0.09789226423670416,-0.6117596395045849,comp.graphics
-0.7825913625481332,3.1403884854067794,-15.71559990364318,-2.28577724449495,3.170673181193876,0.4077771137573588,0.5009173290858575,-0.922196590027841,2.962061080851027,-4.958457282206766,0.46079724361596747,-0.4138949422748569,-0.9823242722767759,0.31047275418075143,0.7663884765723994,4.113086503803442,-3.6758363625488553,-8.682700421445308,-2.6312532877475814,0.9495694317297916,0.7458785638289569,-1.3641059938183584,-1.5714199983383004,1.22393634423789,2.258060291930189,-1.127263792554147,-1.908090917879231,-0.295169031253129,-0.5318777502893286,-1.6527309610271887,4.895910190325614,-1.5223343182817441,-0.9323712431819872,-0.5144781779178262,1.6053559623618066,0.06545626660913162,3.538645096709682,-1.1569413972294713,0.07079774046943998,0.3225046602899047,rec.sport
-0.7663225247814263,-0.352579965057811,-10.457900816079508,0.8942327745009349,0.6342159127411477,2.6976922258377876,-1.001314654197967,1.7968772326251579,3.3182777011117928,-4.111544201661739,-1.9415678006202213,0.36575998609291555,-0.9221889054316275,2.935406206388468,-0.26454589870472217,1.6235573025827272,-1.8127088450714326,-8.808984340127484,3.442091577483218,1.225528449250384,0.5634471922420661,-1.5679882655602675,-0.5061890610853361,0.5182189504454116,1.7138602668388092,-1.027923765010739,0.48463779513655725,0.3463923679936841,-1.4924622700059929,4.10695262704995,0.9724219326179679,-2.3849055089505824,-0.17951457487248015,2.2636298865500084,-0.9546181019500601,-0.6910990505535705,2.0018334409637824,-1.7106033544365142,-3.611357598788498,-0.3930902007014615,rec.sport
0.15714578370253451,-6.03028976658087,-8.096644034763273,-0.3997705114430575,-8.206755287129681,-5.832357055362561,-0.589915396249933,3.0575577408423484,-0.1914973938971487,2.0853432585931184,-1.2590649114481933,-1.0674339329604994,0.3310389028172135,-0.32307574267702455,-0.0022381164741810933,-0.2839884112657374,-2.7149454027154807,5.539073509752165,-0.3279410307101979,-15.351017182000183,-0.6264203271990285,-1.5058324053306205,-2.0648652776836416,-1.0257233949746074,5.498979734255969,1.3355704555367565,-0.6541390054458405,-2.1315208923582425,-0.04991023304116202,2.7862331701988827,-4.430694640271479,-1.0053151259972355,1.2218046849767015,12.401538272420575,-0.8093466847948803,-3.108939785545947,-2.8700361350300323,0.9752005416847661,-1.9346529291865733,0.36926377764990465,talk.politics
-0.16825913448754154,-2.362045350485792,0.29125801659194556,-1.2681368049753126,-3.5007020557042035,2.5497148600110275,-1.0069273609451441,3.0897284489495,0.2707920064984175,-1.1275061887215834,0.33164766712576277,-1.7464667255790336,0.04782531978468294,0.17962227263192343,0.06837156596765875,1.73683288460475,0.5990927282414231,-7.282281899056997,9.367313691173276,0.11073043444970283,-5.121476075075338,-0.9511843703879561,1.2551457883749038,-1.4940377932897506,-3.61802331750346,1.3451476204524146,1.0449017377911582,-0.716835321049922,-0.34182182024613555,-0.019852632384794067,-2.2204674893377154,-1.0471575686902646,-0.4976725234290394,0.8688423430282227,-0.5641961798604865,0.043675878380770694,-2.5922356477947326,0.35973897512678843,-0.9149458425725789,-0.4986338957884514,comp.graphics
0.8406067127833832,-1.3759932031188067,4.812886717249358,-0.1877270235798839,1.210149057631171,-1.2568589012469351,-0.9026543599878197,1.1374989516501353,-0.4296204330715444,2.51301069744736,-2.010216654566063,-0.4929182749492523,2.6983288359370876,0.8314988669316621,-0.8252919608308644,-0.2750324922127614,4.366694725284188,-6.982016304436378,-6.2999930562958095,5.272821881113415,2.3280589389862767,-0.6411649293968504,0.8639235499624459,-0.8509750806815649,-6.427571726571097,0.7980910486615617,-0.8629017633943217,2.135415730818165,-0.2650649968885794,-1.2824736908066738,-1.1239389994657334,-1.3239510842195628,0.7691357793100331,-0.4707481800094633,0.24207067028796736,-3.9981763402460944,-0.21470534905473437,-1.4241676001875991,-0.9597755328867754,1.9116060670633217,sci.med
1.8197717873125976,1.0932110198836678,-7.323735480429742,0.7191686663554372,1.5781890016284978,2.562845732927343,-1.917348886010299,0.17151508853788888,-1.450584443673247,1.0107190115996942,-0.5844009765960311,0.6488819259038391,-1.471126405373518,-0.8538230875043771,-0.08308932774318312,0.023112158554450257,-2.038243948070865,-5.618650554707051,1.2704332769274695,1.4055002221472934,2.253071842285128,-0.11765493160216407,1.0567249112804185,-0.7370293611526971,-3.8770126010279666,-0.6431833420270304,-6.343360535219735,2.7858173876895007,0.015027750287097009,0.24901412555453872,4.857698259032136,2.4523699128687237,0.9668071042505444,-3.0823734076179408,0.3362778892475625,-4.746497455025943,2.799074699176586,0.6989530717174212,0.7767109439759563,-0.6290378612036109,rec.sport
-1.0800026083821321,0.8016228887316861,-1.5297457480897525,1.50506203860833,1.7254061197790864,1.868388136630038,-0.3754074464839619,0.5989335826773043,0.03237224847543163,-0.8189071276166515,-1.3129685299472729,1.4950303097358375,-0.048829835933703165,0.4853599075531901,0.16279661809991253,-0.8894836713154635,-0.5014562685607789,2.897348202355274,9.99863192521531,-7.74739502312016,-0.9779824922283635,-0.897659385275054,-0.8076505577467649,-3.688365291428444,-0.6502299166009435,-0.8491048509902235,-3.396160108350669,-1.0745137177359612,-0.6374874348250117,-0.15761720503739474,-3.959615321057364,0.39397522586440237,-0.39156997735603927,-0.44899103174178634,0.23545579511111434,-2.6613282026754064,-1.8226260494630697,0.3056655686425959,3.966168132044033,-0.7312545688129569,sci.med
-0.0325038930576894,1.3863595752290974,6.7102299580312765,0.613460165671837,3.165754665302262,1.519090376750629,-0.5499248324643456,-0.07885620469997723,-3.308959998135533,2.6613412118655724,-1.7794389254234309,-0.9057972133711476,-0.5100639500960824,-1.0578366186102344,0.830498133985952,-3.7994908151003717,-1.7508938091858537,9.81240141034346,-2.520551513755522,-4.196750546239839,2.941912254363732,-0.06477225979787651,-0.5982793341978477,0.9437155057560443,2.5147439372072604,0.2607668174830632,-2.0744471290539095,0.1839130314469435,0.09293565268297786,-1.4006916976801247,0.5022022049272783,-0.5330040818263343,-0.8687675445729097,2.7577591960877514,0.28727251402742693,1.997778673670685,-1.223743561390511,-0.578212098219754,0.28029532464700324,0.2951409793374166,sci.med
1.1282397832688376,-5.173562944640485,-1.5405571546752457,-0.1309258051261265,5.447055089600726,3.455419788906249,-0.6075687917795559,1.7158074197542945,3.8895472182843083,-2.0081524877031276,1.0102745868360157,-0.8057996548842047,1.5681824295273261,0.7864062119958165,-0.8758424064951101,3.8671586662676605,6.440805419869406,-19.673275291330476,-2.115656373627503,9.772113064857288,0.05495288132951215,0.7605061195841426,-0.17611243395986265,0.9386400226789446,-1.050531246049303,-0.5595462852894689,2.4229389150115574,-0.06559985481167918,-1.742947530486665,4.729970321541137,1.8722853154438648,-0.044361455511561634,0.08298741881250997,-1.6304646758255108,1.447796418457866,-3.337147348836102,1.3573313634986748,-2.83303029014274,-1.9957662791562434,1.359189494164025,comp.graphics
-1.2534017182950186,2.1422859454877066,8.035286037394636,-0.5892537307950677,3.004975756735651,-0.6840045336995717,0.09262758794892355,-3.4070677395939386,-2.4990278133274018,5.577641050143964,1.5741467860324088,-0.11717200497437547,1.2428625628583145,-1.364470853617281,0.3959142209580454,0.24136047017407014,1.8594547196226272,8.503847178748611,-7.474397189725676,-2.7783635697703772,2.968123822936958,0.1017883337073275,1.6301299648744103,-1.4582131138187504,1.2574186917236385,-0.9282658386559959,0.8068662609204542,-2.497196553099907,0.30634753393202263,-4.5888071670905095,-0.6476804556792587,-0.34590728066682785,0.37034026732884573,-1.8324564782142514,0.12342918170364875,1.7718298181885224,-4.857414197666856,0.8096575301482413,-0.8115082986636455,0.23071174907496259,sci.med
-0.7756066046023912,-0.0005901672155337323,0.6590025043219636,0.20545568703630285,-2.2233377165787784,2.9902161823779876,1.7256937928147706,8.197069526195415,2.292171955025693,-2.017786864696991,1.7448614066234935,-0.49898725597911187,0.12184446413245396,-1.059211708372902,-0.8003354061653037,-4.930368364037904,3.653496324917894,-1.1901207388688269,-0.4100249207966245,4.565136390371756,-5.418438150077568,-2.7738149399339167,-0.6673333812164803,0.09982631509976791,5.070456688665506,-0.5002610165866755,-0.17013905456553235,-1.3057155621695673,-0.17961972140563326,2.471529693805328,-1.3689002704073279,2.404837542253973,-2.241915934508913,-2.8088714419387055,0.7534174734210928,0.38990840000837257,3.0532788797298007,-0.5161166418714347,-3.2918891469504663,2.1245562298290137,rec.sport
1.5008430302803784,1.597965869883654,-0.2867435091089901,-0.8143981874463238,0.8798953428886802,2.180985096794618,-1.1370328831474874,1.5655577332155644,5.804427072117491,4.06718958589108,-0.6286702470308604,-0.4665740712027766,-0.8218148284213459,0.364561477355457,1.3528005348967251,1.6066516035879874,1.293937927155351,1.424326217727426,-1.9321835975924528,3.405893640285584,0.07780070139003437,0.491445510894402,-0.5505870670007066,0.1376619408680461,0.15977169470861563,-0.6801734763479509,3.2980131407360602,-1.3389929571862484,-0.2290810309217097,5.707532300678616,-0.5847073832241965,-2.61813319869228,0.5096892312246561,-0.041512700859696716,1.3025903967862316,-2.8236069258524132,3.332131924824589,-1.2843870360725143,1.7035544506614393,1.4758791505039655,comp.graphics
0.32093006192565754,3.707705074348862,-2.1188805104671062,0.07991526374003749,-0.1345573584421227,-2.564051578751825,-0.4047953794202932,-0.5707329062201033,-3.2217723921412587,4.158877590461615,0.08551332963959903,0.7230379395798638,1.1328046971748071,-0.7801438813877718,-0.9878659101397719,1.286933051479487,2.357851497819677,1.809964736374417,-4.778907247747941,-5.70764790848164,1.1626054366690355,1.030249693969567,-0.6547697756239492,0.6446898032842333,-3.6045815867406654,0.7352693099749874,0.7824499415611001,-1.8587653951226548,-0.38003684628935364,-0.011904416731413736,-2.4681262443902865,-1.7157083186381294,-0.5106084992975795,-0.6628336194069404,1.5973972932216232,-3.088467356523073,-4.137962251460578,-0.5591638350592083,-2.3541798948729795,-0.4603067625743631,sci.med
-1.0525471918701104,-0.31996951936113516,1.674104784447493,-1.572989257072861,-1.2280543639575694,-0.7608334833749233,-0.8464978028689073,-0.3565470786124675,-1.8546813930830912,-0.43081690942432327,-0.12887737868875357,0.25473113738020947,0.6079475670057539,0.662536033398613,0.9942988266876233,-2.1650929415492652,0.6802299502394047,1.2036047675474608,-0.2763686853587969,-4.344055757919511,-2.204255417778108,0.396366956467351,1.4469441463869799,-0.10198665459367798,0.8148409759169353,-0.8228559015184324,-0.4705055956025026,1.0833934865918544,0.1697477679706617,-1.7628369466790932,-2.2936619820329045,-0.5090938053115694,-0.6608342358101458,-0.9471099408828492,-0.7554988831339492,-1.6104871605572766,-2.4130714740790493,-1.039220163990766,0.10529228123593448,0.8179815444538614,sci.med
-1.1321491407160067,1.5090433227743487,-7.67435339380458,0.9764313771980682,3.2770378630988404,-1.189878510455079,1.2019316695395432,-1.1251618829338568,0.5755686487696643,2.67406748468731,-0.0885442145830127,0.6874267551265042,0.00878844263207182,-1.096875079383986,-1.0989162547281939,3.7797252236708445,-3.5895906871568775,-2.6737664199604105,1.4035377608833368,-7.87551821365316,-2.74165393231824,0.8241028968557058,0.6844504776364279,-0.2655926332624114,-1.689673647633122,0.8220660780325274,-2.0316080285330314,3.7187542542003866,-0.16414941272177394,1.7697309614501413,-0.8328207306145134,-0.45389141615312834,-0.4211988166129132,0.7738335852832614,0.05786404742675647,-0.5787087223724187,-1.628333796517081,0.872153105684055,2.228890470540894,0.3240364427065333,rec.sport
0.1258865305766578,0.27623714090662554,14.899807921579427,0.9838523436061467,-4.865261057245841,1.5870093025200533,-1.162065820256283,-1.0458430699496735,3.126476830631396,2.21196739510043,-0.8935950137191204,-1.3045894438004726,1.5821167513035672,-0.29882008902920415,-0.4765514232192414,0.9149895688077803,-1.8420410616000016,8.67568053318455,2.919278997564553,3.072428110508957,-2.8838389818435823,2.291911266818686,-0.06327395989691587,0.12918747333171046,-1.1746437251800137,-0.35824437790750796,6.103473532612555,1.161568621184576,1.8674620041613508,-0.08682036222576395,-3.6717405873702713,-1.6413801156020968,-0.6597486412539658,2.6641732965458003,-0.3994654904728529,3.870209248386895,3.3234965370590013,-0.5522612521126086,2.6913447111297915,-1.097143649628814,comp.graphics
-0.0038041336707993834,-1.36090045403286,-3.031900138625252,-1.941858659379406,-5.119304579957944,2.1194927086618436,0.43945269045799057,2.671474761337179,4.325327569892517,-1.1095787452710526,-0.9028089269627998,-0.6646510975020625,1.267960487103089,0.9065441571099638,-1.590141830680298,2.2379884711206133,-0.9133233889132567,-2.1447889058753384,11.276631815658272,1.0073847378980316,-4.191261566129276,-0.5151708990920177,0.8425138964550043,-1.4222296495062072,-1.8997389225300871,0.07225204823791581,4.535885632014077,-2.6059005091466707,-0.1265188969539503,3.98128388053291,-1.5628559629144936,0.8092646982419858,0.7549587661419644,3.259269009535874,-0.02439856723615665,0.8690453438682093,-1.8563281162057708,2.0578111770977623,1.2077766989230212,-1.4384111667945592,comp.graphics
1.0216229840730389,-2.496099807667719,6.597567179990909,-0.411024936503173,-1.897279200583248,2.7098718253378675,-2.3843067887857456,2.2313208257244073,3.413469125431093,5.69512909406668,0.4308624190150374,2.0826603221097977,0.7451508642848174,-0.48231357093630295,-0.3787598366030933,1.6224729714777544,1.0149841825660804,-1.4915797699401718,-0.10686037771581249,8.058926344543725,-1.803008333800833,0.08277290378542575,-0.7114621940837048,0.42834205066072495,-2.6071356680884357,1.0989833574419647,3.7854781411318603,-1.820366089805955,0.03678283317423478,1.9267019050784022,0.4647104405742013,-1.2756826599957316,-0.38445687897709163,0.5636410355194897,0.13416641599584353,-0.6315254899107217,1.2743503946848211,1.959837254744675,-0.017197390477013297,0.4506130494313883,comp.graphics
1.1711019716695594,2.8193802177255414,1.6687730678713535,1.3106059128134633,0.5331138331675939,-0.06555461814131758,-0.33787777547380676,-0.09186109601024484,-1.906203205415951,2.2270844417657782,-0.31815850161792886,1.2892030514068733,0.0022316221624020006,0.7728478385437232,-1.2565653359454354,2.5575944540755406,-2.3607914503049523,7.947131869551157,6.400394540154778,-9.198595682309351,-0.8665664453300355,-0.21208966992042563,-0.6891117977217902,-0.4572185393191959,-1.0165706554041773,0.7831598877770107,-0.9454709262407233,-1.2399470403350754,0.5422030069090485,-0.4913783673191412,-2.7310471905277005,0.6007330151455916,0.4676901038588855,-1.0822724096769756,-0.27464374936629743,1.6225958854206104,-1.3755926210393286,0.3350543519121714,3.7503102483008623,0.5647891059076481,sci.med
1.1633760551635501,-0.5164749673165068,-9.806172281023708,-0.6865387531537689,0.28525082500416366,0.29799762315627865,-1.1640506324058255,3.7815377849594354,0.04697836932915722,2.9866033374671552,-1.0884112356728457,-1.2859997065164936,-0.35799043441333583,0.9468075665118705,1.0687923213942923,-4.279528630441504,1.3079746838678765,-3.3694803509938094,-7.724791808132546,2.4116565781826433,0.7183987520502271,-0.3672039342117483,-2.1098382406256415,-0.8905688105910143,2.927814841707267,0.055002936033374625,-1.6541238961995863,-1.7592852735691389,0.2875639051673281,2.351767193908951,3.4854867337081226,2.560502959355684,1.3393265894799997,1.041238914490824,-0.8596135138784541,-3.3174476624447076,-3.0683365990096894,0.42243497290143983,-6.262221114413941,-0.4661886119462229,rec.sport
-0.0412596526500604,-0.25382847437951606,10.313337276321409,-0.004072837121435025,1.981663264633337,0.4586970401957451,-0.6729053320094016,-1.2485466136263808,-1.0527225496488273,6.11726689912546,0.3343270545535034,-2.0149012325066082,0.6628410930216325,1.5199520059142992,0.7497454754383477,-0.37564728572244865,0.9679848059348788,6.683748495644587,-7.1047882141241585,-1.5141423056721377,4.410439147242573,1.3722713166079914,-1.0296962396330605,0.6418941228586382,0.6114475405115194,-2.1357998487348056,-2.586347566286374,2.7454145774965304,0.14204447883054525,-3.0409318347701264,-0.16462009601888483,-0.2899813544366399,-0.48401712362208477,1.81092014000956,0.8931883472072516,3.527283626627537,-2.653424144517576,0.7597872369530771,-2.152304351045265,-0.8395275580176573,sci.med
-0.35807944617931886,4.578055711589264,-8.079899165034284,-0.06644897530945597,-1.2968210597092409,-2.331641982414702,0.957993941480019,-2.108059684427473,1.8202191613100343,1.9124383593141043,0.4385792909210054,-1.210160502980885,0.663545618498435,-0.22800572680971787,1.2272738220812627,1.6487849950199318,-6.788321636438345,11.438744260068024,9.895258817572557,-6.632608559759847,-3.0109307534417202,0.10801412097950092,0.9972655676588726,0.38142561753434195,0.1491713818243383,-1.4069774621039888,-3.98706777471624,1.5349591378012235,-0.9066485451542928,0.8490349062190927,-0.9893159257320543,-1.3700266273644293,1.1818900425588936,-3.8048947180421644,-1.0260808441956244,3.2925809750752286,1.7139986092323096,0.40226807720129804,5.07164254263131,1.32099578954071,rec.sport
0.36191427073052657,0.43797932799127715,-5.873287684457165,-1.4455181477453234,-2.9052017666552663,-2.8851262889039315,-0.4638544295059457,1.8129213299498153,1.1729792386007063,-0.7172833060150803,0.2252697220150467,1.0745297902299311,-1.0981863837781498,1.0781253957947718,-0.7974381170700989,2.599225120168648,1.7303551785781373,-6.436881064600345,-0.6994742492540706,-0.553179932483458,1.8289122433376177,-0.28478940951539505,0.09675491843880031,-0.40611035702340326,-4.940111730558525,-0.08621709800745275,0.5255852837712395,2.8557751604918784,-0.9972649579684154,3.461524690657929,-1.5047445395928352,0.6067621502064073,-1.614749862291331,-0.19949443862595695,-0.44890838731300636,-2.38269067597436,-0.3513371433539394,-0.1296730520286007,-1.8212337927099504,-1.5365306903820384,talk.politics
-1.6254922701998327,-0.5269516987080145,-3.0743168628301984,2.0487082576988507,4.102302861419772,0.8335747814828389,-0.30906623673826017,-0.622433168259704,-4.711828524942452,2.683580745442314,1.137381097628914,0.03263883669087142,0.40482340880826806,1.3465716626102961,-0.5567787728433663,1.2537852598111754,-2.0389481889158634,-4.296656390100025,0.17454225769809084,-5.3263294114255055,-0.6913464254723471,0.8728170831783344,1.2904607413763498,-0.853932908460056,-1.1846327734849276,1.4436703191662383,-3.099658663763258,1.8314066022475997,0.7320809514330224,-0.43210620575978953,1.6059277974192248,0.39946937260218507,0.05519924253008922,-3.4687989154211483,-0.03509646678459442,-2.0616061726124855,-2.4848285394980527,0.29137898481594593,-0.6463540805301936,0.0321850870368397,rec.sport
0.4158027257204452,-3.1166770462262186,-0.8189748991387618,-0.1735444175613875,-5.171643862969919,-1.400081625536163,1.4341770365203266,3.1825892133731584,-3.091789593133562,-3.1699988207968133,0.7777976308777149,0.22992434541793752,-1.7394252442322782,0.8268386307091143,-0.6257730437317763,0.4111723400084043,2.525794630539436,-6.926480915962297,-1.8354892623554298,-1.7789605033166016,-3.5735943676324995,-0.972162217943325,-0.38163109541321133,-0.552692953783497,-1.2510911892148526,-0.104009227724695,0.517279908386952,2.447141440644452,0.07957954655656065,2.046516156893544,3.7821764966308375,-0.7322995497370884,0.7401256641052443,3.5150726562068524,-0.8002227353999037,-0.7058645930504233,-0.7306384231395869,-1.7582088766554351,1.911359964484599,-0.25111783464244086,talk.politics
-0.5650604735511925,6.257031188706097,-17.513478705477965,-0.6362237126519298,-0.13020305406781896,-0.6317476066554633,0.3859700925688759,-2.7441527751675077,2.081251553874614,-3.2285087447794556,2.441221722471914,-0.8508840890388987,-1.176644943900053,-0.17284567481411092,1.871074482308114,5.725323113751611,-5.535795814143697,-2.5371974972209066,0.6650984021252748,-5.54608776183771,1.0372920942105652,-1.151997547579143,-0.5781134587156433,-1.770481137776078,0.9883730726209012,-0.4357644969706192,-5.1719068568893425,1.2337640198543545,0.10908297034983186,-1.9923327224192635,1.8676988073233503,0.43712677973105185,-0.258008536197609,-1.979553073886178,0.9280906109910811,-0.6201055290374212,5.770108775765969,0.44231686816448523,-0.36308074980221583,-0.7507296070055988,rec.sport
-0.23372405785172545,1.2887427689422164,-4.311498441553402,0.7147456498889451,0.9687897457085783,4.830055754420082,0.7690316554422755,2.670708878577722,-2.556415958065836,1.7642417579039102,1.6079150611191575,0.7769316923548287,-0.52738906163962,0.5880766751678318,0.707457710864381,1.942132309697153,4.289748647453427,-7.571206173981596,-2.00168312111528,-7.408070708063482,-2.3013825406057267,-0.6308455507908564,0.7851850823103762,0.39876376442481426,1.2311664702605725,0.9623451692665695,-1.3786244395718488,-1.8891025459181152,-0.29786680495686124,3.974754681893285,-1.808438812845613,1.3534536476212031,-1.7776809623702012,-3.116092374351621,-0.005106632027225022,-9.409321758628709,2.2373783418646127,0.9458881565546393,-3.070695260694806,1.0736219439075716,rec.sport
0.7714017949037666,1.2177928755506275,-11.077073134620505,-1.3208783553773176,-1.7703945259987175,-1.122077376432015,1.6734418856229851,-0.5136335202559601,4.8388856901101365,2.070266355468359,0.4928839718518698,-1.5444338482482443,0.44174673637755724,1.180989905305672,0.0011099446872931465,-0.6727694472869705,-2.3116870554737963,-1.878730220293974,1.600422917450041,2.937117707020221,-3.4163169161218185,0.10291739052323721,1.2445651603552557,-1.580603940809169,-2.7070263603523386,0.40327456303717174,-0.3679225450055401,0.45811735053427927,-2.3140440660001054,1.6401527215879028,1.6163647087684494,0.8336032048373484,2.2314989110277486,4.28327115895066,1.2270345970488723,-1.311864641845862,-2.2201200391238047,-0.9667018907026598,1.1321796378980595,-0.796064137720634,comp.graphics
0.06502463118878012,0.0907510928561106,-12.79127953506593,0.13965167421589658,-0.20304027886987464,2.4867298407741902,0.7474449714270559,0.15989199829978928,1.6698011419155225,-2.0391425099887748,-1.743672602396536,-0.8438538774248993,0.29787619102384516,-0.2831518848798757,0.813280406064593,6.4832648314659425,-0.9780620607633457,-16.92975017724277,-6.539380212530554,-5.770379753776609,-1.3074929257439918,-0.081894379572493,1.7754908492400483,-0.10435844943808653,2.0620720546781977,-2.025039913676173,0.7571972244222276,4.986620439116806,0.9911911129266663,2.854362539956918,1.5035146797628884,0.15682301609819319,-1.4791960183577666,0.39386749536775767,0.45015563394664765,-4.299138770612828,0.9969410183706007,0.15809389857678602,-5.833541882057732,0.03344346797315094,rec.sport
0.13965368956535082,-0.20451805054816863,12.36188738813875,-0.6003856928711058,-4.727088586798587,6.656546729496789,-1.0034389034995035,-1.0057437376627856,0.5856195850117464,2.558948547526064,0.9671781224389495,0.9687698956813533,-0.3313522990878492,2.6378817522602,0.07333674477813668,0.8794330510264406,-3.1721445181360926,8.855319448218523,19.477001100519004,-0.3110627728339015,-1.634418731927175,1.3897641339463556,-0.15783750984025996,0.7732399866657592,-5.02824609704936,0.3018733807210118,0.23194411930554537,-3.3229292634045873,-1.3452096708086025,-4.442949237190699,-3.9001767964753666,0.4939773822056448,0.308292063638821,2.0978533224442644,1.4164117917002925,4.379576164133293,-3.5043547743399586,-0.3863224754471755,1.9601953511666392,-2.205294372755906,comp.graphics
-1.4289046065117268,4.943549516214833,0.00958252662686282,-0.5619301138579263,1.0351571127905748,-4.707962429282158,-0.6401544568346118,-3.9030981969519125,-4.700750907279958,3.9514867661633817,-0.028217878937229775,0.6672451474292419,1.4837439102037069,-0.35840357551288854,1.1892264612557852,-1.926910811612776,3.4462359053993827,5.113545317682697,-12.71700448073149,-0.9832351476568145,2.79540873174178,-1.0857477107815494,-2.1529135157575157,-1.3992282592246312,-3.1089057574028374,-1.2249998886600506,-1.1719021260960587,2.612960452740279,0.029796165121424436,0.6639102629714908,2.5738409089690233,1.3643262441708666,-0.030786502413415195,2.018878552636208,-0.7348108975341908,0.558895150303476,-2.9953857237394743,1.1765332537877653,-2.1896007227000496,-0.5837221335626013,sci.med
-1.873240111819152,-5.782295329175567,4.7620061188986895,-0.4992476144946552,-2.21385440169977,-1.0178990595631936,-2.8019115694878916,4.22033157774398,-1.4852829927401845,3.8135907061265675,1.0153923286752233,0.40684763513978306,0.43426364992207156,-2.19750100526203,-0.4503681912566681,1.4179524238737093,1.6682784216693496,-3.966718142857347,-3.747652790960791,-6.153908675163218,-1.9369491901517315,0.8571583884232884,0.12792720237457925,0.49911050679894126,-0.40464635284654726,1.2687138945765704,5.9168895344703625,-3.0383627260957997,1.5246385964827562,2.2711096078816952,-3.6326054571843684,-1.1718313004725252,0.6357265264405499,5.63875883694298,-1.4266492108103472,-5.968481460205564,-3.370149914620712,0.19022322184489376,0.34709719211760737,-0.37962449667683384,talk.politics
-0.6694369136334904,0.9297775007450162,-12.138654185844656,-0.8534954800613416,-2.27854099679828,0.007271535247107552,0.3824333156925354,0.07748036465262698,3.7852253170549606,-1.6316169655115558,0.5529052285994815,1.7984800871381175,-1.3121632011955178,-1.5681443134200506,-0.9783079498224979,1.5932650557377992,-4.173890760188956,-2.753423957071455,5.22345796137776,-4.74702674374152,-4.740150902724054,-0.7603636412161305,-1.0990392245318592,-0.04147177799914767,2.9741873385453594,0.45721306369251385,-1.1244107444455502,3.650685903299456,-0.39361158203300994,2.326785141094814,-0.9036800145694646,-0.9365920062436421,1.796665201675017,0.07221377421318964,-0.39711533156785284,2.335668419580485,-1.5230132192267727,-0.39338229774465705,-2.350250877071783,-0.7624179506029144,rec.sport
1.3469412443889957,2.1266548179389257,5.0441377806675565,0.03302330719303323,1.7999333086846765,0.07027959975884901,-0.012024028913188147,-0.3028605381204914,-0.32503006732192896,2.046813121610181,0.21668909749767315,-0.007480796740746615,-0.23955585893709952,0.04729874312872792,0.7740227740710525,0.4641562849195259,2.658515585889364,-2.309522907173655,-4.1438320179135095,1.3113830519005016,0.6610655922038908,0.29522475834524275,-0.029351702115694548,-1.1797767493745086,-4.0662622925316745,0.6946691241185846,2.4531987315106174,2.9807455537344456,-0.6794449849177494,2.2357435125389093,-2.7828095570384526,0.2956655514819996,0.39530725264933086,-1.2797026675618588,0.4891783506377937,-1.519727588398951,-0.016062518692907313,-0.43651486326554356,-1.6992289400764684,1.0716803738905898,talk.politics
-0.3879649689074522,-2.553694904112552,0.17161756251910704,-0.8937460190837143,-0.9799973699591707,-0.19145403314421872,0.03754184148682145,0.5431454318077773,2.1647162582030246,1.5406687845762599,1.6713475754374763,-2.899513879868482,1.0918053390746456,-1.3990784281844755,-0.1761335035509783,-0.07807140272342306,-2.5979039267837813,7.086428678052131,10.92963240254613,-4.470161581560682,-2.2744484847489645,-1.571152351117883,-0.15196738231603887,-2.5222779174879504,2.517719507917975,-1.5202867922406096,0.780576163853895,-0.4155115163429892,1.0815140862997412,4.11286989309208,-2.817010567897503,-0.9013756798971745,1.06014381867127,0.3557216743015449,-0.07022036151761657,3.35032144796165,-2.7551963557011554,0.45096263477647686,2.208682374309247,1.0067300712270648,comp.graphics
-0.22580674907604184,1.6922983577144688,-6.9686823040493495,0.9049620414941998,0.8874619522572887,2.8889886613896367,0.8739897510068825,-0.12670687708136974,-1.899884709496802,-4.441046095007752,-1.05470445496592,-0.7039163254155445,0.07843924608367009,1.9836336524360194,1.4364295195588668,4.662998060847891,-1.643537604072288,-6.411701963739131,6.062585804673618,-5.310135023970126,-0.7069948605166378,-0.14713950481410695,-1.7176721483633963,-0.8342713430679655,0.7224964266198393,0.01188043451779194,-4.428099212206722,1.1605816131699336,-0.6566240707997048,-2.541737264779413,2.399955858121707,-0.06723030719613125,0.23614240987910107,-0.1536433899573546,0.1829944496452604,4.820191631205823,-1.398163234278442,0.3865862299051922,-2.2774633986939725,1.3592975993648058,rec.sport
-0.33303761905376167,-4.565700089642301,5.3818337391883535,-0.09511164770076601,-1.1057749581761576,1.9174037043509444,-1.33656850031492,0.37773900708141717,0.33579619099087776,-3.103465911495258,0.26425476360733907,-1.5478015563090313,1.336657357758983,0.18497057507315626,-0.3103909913775655,2.655921749358914,1.2362526146648511,-2.0454456145203674,5.1431365278905155,1.8818182864319613,1.3347374530280975,-1.2783526288023244,1.221294945685148,0.3202165779488289,1.7666206171735104,0.4527563520766945,6.643629271566645,-3.822425270972201,-0.8954279609250417,3.2655200684210577,1.1919420236698157,-0.040333910214043756,0.13395838058023532,4.4846203757145,1.5486392950240366,3.5392779331163986,-2.0028360935165392,1.7073298095592229,0.27872172013312857,-0.7708188027286894,comp.graphics
0.2691809202551599,0.9988226592009413,-14.722931608666798,-0.8800119816907639,-0.5901933533561043,-1.051048848683796,-0.26995189682516413,-0.6471901515267211,4.154073591500311,-3.5373279533523325,1.4697842587874956,-1.177761457991358,-1.543450943185747,-0.6084939037312018,-0.21578712632821961,2.294266848025476,-2.6042485253787255,-6.45953476610532,-2.1211156066072623,-1.2504221936130564,0.5964051331806017,-0.28790607686792025,1.431152117761741,0.10353815394917538,3.679218538257895,-1.0078679132221302,0.004422840420480911,0.9367615457643912,0.2450386643154059,-0.45731530853264046,1.5874515147522728,-0.622270222893996,-0.26003625018044474,-1.4848686657102521,1.5941779562040121,-0.18653677305727911,-1.3300370943282462,0.25373729677483314,-3.0798222546427896,-1.7930763979123896,rec.sport
-0.09426907076490067,3.3375853490773055,8.915384722606627,-0.684812109738896,1.5175858037029897,1.1930289506969511,-0.09621226204057896,-1.820522581055519,-1.4756117656302241,0.6525549562340708,-1.8582914882251074,1.5761725277413785,0.25893042822568985,0.7813581198065147,0.4123559690859481,2.3242156825943976,3.921554834408962,-5.303831956043586,-1.6393750962007672,6.180120470599657,-2.248122823868557,0.3812446551620988,1.4336336088178778,-1.249564911924005,-6.889692150147663,0.05237276872756848,2.538685025671636,4.422650211759274,-0.04060623167853,-0.02748442424845754,-0.7863593588412954,-0.5076941283897106,-1.8596630405497985,-5.041869093358988,0.5368074692249037,2.8100368296689293,-0.24365364402133183,1.0454602404822526,-1.2977325099794006,-0.20141990007697352,talk.politics
0.2939493879431622,3.559290878907226,-12.674664284629307,-0.4509940170293094,-0.7458902567809422,0.48199663514888846,0.2023833705986952,-0.44003962903777727,3.5963853680967075,-4.297784271630341,-1.5138305012448536,-0.05796399966830253,-1.556951086706478,-1.1341711452777905,-0.7725421118422359,3.9699625845551285,-2.911833511311504,-3.2501921856081517,1.6230362435470556,-1.4345486940882282,0.8865779080086142,-0.3265358525345711,0.4612720843178312,-1.4228769078115544,2.317612263991257,1.029180436127967,-0.7475817874422749,0.13472253191366357,-1.1709248938074537,1.1093067329921784,1.7500077693182217,0.6308756035961556,-0.9243573336303755,1.4861458489203063,0.03971382171963468,2.612229678696803,2.5250719417008325,-1.7941435111986004,-2.1300457594211952,0.539764512828342,rec.sport
0.7469808401047098,-3.177024823219305,16.394311656108524,-0.6245104550885774,0.7913032360772965,3.1479789498324027,0.07557637267003782,-0.353680054488394,-5.102662187448625,1.1680624890774658,1.087710426157866,0.6900736763366125,1.0488641418753621,-0.9727645167600009,0.03149156226199577,4.161980444156738,-0.777590850166677,2.260732903857842,12.08167201362618,-7.254780090274772,2.533335285282795,-0.06357353918612146,-1.0455294856740531,0.775115121589086,-5.539917555947538,0.40662203422267407,4.539168407978209,-2.5944825500427777,-1.4509278911112242,-0.4605645940123593,-6.120337091169541,0.6916185751213884,-0.026260793269852138,5.598176548262078,-0.029216405853985244,2.790551788080638,-4.345478698678855,-0.17262913429083468,0.6094068840271748,0.638677139880301,comp.graphics
0.6041074554390441,2.468053610426361,6.34299582159773,-0.9085025115121911,-0.22916404060942108,-4.8504264079163635,-0.2730067480225845,-3.9469849972838285,-5.174595702464903,4.099117938214891,-0.6300484313483411,0.3463127102248866,0.5850213322877983,-0.33348628096969524,-1.6171718900455445,2.29919613353787,6.9105155244216565,-2.444985759421404,-13.14894002933924,-1.2368193115773825,-1.7109558081555376,-0.1821605838579241,-1.5302791359297876,1.8325612403560125,-5.675015815772824,0.8852563208659603,2.8799998149645987,-0.2044246294320906,0.28121168258406537,-4.275055311170566,-1.1114985523688041,-0.7341618661210141,-0.12243598974739747,-3.1552786933843153,0.2811920179102754,-3.3422958513995615,-4.580895934287436,0.8790141545570074,0.06781912288310155,-0.9464907959884281,sci.med
0.45899400167429094,-0.7312886486574098,11.276679460513352,0.11339439196668935,-3.7045507204665826,3.2300650065322403,-0.7538621136909615,-0.7842544686425581,-2.3718609268092052,-1.1772230881680306,-0.2138751675546389,-0.10358685340578061,0.3826535514774916,-0.6443402670219842,-0.18820243877282114,-1.2753276346953333,-1.939861066555823,8.354272390423949,13.411902441067017,-6.978496015289188,-3.0846040066717624,-0.55317724534727,0.4094385306422523,-1.742771973881041,-0.3345534393522648,-2.7391402061374728,-1.5208427964104299,-0.18222620723878924,-0.2539517063972351,-5.012645664481537,-5.404281318619159,0.9703162017882814,-0.2766717717191454,3.682943804821477,1.1249325453032408,5.396946131577694,-3.800235734125974,1.186145474042299,0.6328134008572462,1.540323979819886,comp.graphics
1.0941795475214755,3.554768766195628,5.097357487469318,0.1996104184027828,-5.942931836002096,-0.8892345079504504,-0.32115903870570245,0.20835314077635858,1.7096602094241362,2.077970371768002,2.178562173991662,-0.861309579697108,-1.5856257067695927,-1.1140813582330875,0.4790031433927589,1.4829294937142514,-5.852407267442126,22.29676781450807,11.401826000464107,-16.048959554956003,0.14707624445166312,-0.21415031071118876,-0.05872042710462872,-0.8370901336150396,2.7856328883649732,-0.63093083373779,2.9600274598367613,0.7627434786383172,0.8371544863313845,3.4804497392436806,-5.315362757331825,0.19433346333823323,0.4465365069407115,5.076169438675218,1.1400678464951604,7.037069049675703,-3.5617044494779773,-0.9420601835742449,5.638114261948565,-0.5479958187411378,comp.graphics
0.2987977803217619,-0.4017675707179902,7.6952499133911845,0.9737262308523678,-1.9587813151153677,0.5456980078832263,-0.02549412858519966,-0.4861539730776232,-2.4591355030558093,0.5007035278356873,0.08701648039238655,1.8987349813552388,-0.21715880713685662,1.7110288091907877,-0.7734558440334302,3.881183742941195,-1.4653807044417788,6.363930038971232,8.725835550746304,-7.852781801162857,-0.14882970098021508,-0.10496770756362395,-0.3432059268430377,-0.6038589312369547,-1.6721662623893208,0.5239605120767348,2.7536882698464145,-1.5856862659157969,0.6127907415832897,2.3814393964467033,-3.8755042028952023,-1.0361435719751968,-2.085792438905004,5.833855353677872,0.058370290817895645,3.5780170708482473,0.009383238061743127,-0.39989999010931654,1.892684659659347,-0.7451677703173505,comp.graphics
0.8917005810695752,-0.14987397808114689,-3.593557183733384,0.020121129580859987,1.6126925508013599,-1.5264361901811117,-0.8432983112849525,-2.317036116102429,-0.4010874302976255,-2.0246027698591886,-1.5669593711673528,0.33649978882090087,0.7020303236673265,-0.4245981660221425,-0.6723935843265022,5.086175079282284,0.32378361844344683,-12.72894568615135,3.3517342592132127,1.7857533078837131,0.42542765159106555,1.143566044928613,0.4283529137714487,-2.521604801462043,-7.234555676202649,0.397637501776279,3.29388279189354,2.419533021714832,0.10649398029009184,-0.1262201516309378,-2.3645186682380146,0.4070903833988318,0.3918287077161016,0.43239458179049695,0.19767556695424515,2.695447677877503,-5.9074275184616285,-0.4627366479963379,-5.212670497878424,-0.30704834092510147,talk.politics
1.0326575166220122,0.31239103398062196,7.177368438742106,-0.18722732150688023,7.543890097077426,0.15987682511295165,0.8049333907323256,-0.15502475664537863,-1.4528245520915228,3.324201615525621,-0.7215690823400293,-0.47996464271220896,2.190417001188423,0.15165727214501756,1.4538402371218848,-3.764196452540502,0.6635665308792287,-0.5241759448831367,-9.216019139646756,2.1301899580698342,-0.05658643781972095,-0.08837328752639602,1.9740786877450238,1.0274793433526916,-0.940983130951974,-1.0237559477078506,-1.0428390165956556,3.175562592945646,2.2106897260157643,-2.7336703414379553,0.5029394141249355,0.13885603243088018,0.3772632593422264,1.2477967221817423,0.8823970897899802,-0.204299772988224,-2.013180441637244,-0.6335895154938127,1.3770051768524212,-1.9062366200893806,sci.med
0.5921139002849184,-4.402571227622665,-0.29687265486351677,1.4201849387819487,-3.081793481865998,-0.3802102074887094,-0.48667632288159673,-0.23826024569938364,-2.876649915163817,2.6531571385139014,-0.07022362057462567,0.7195994976248915,0.9435977762729458,-1.0814133807392872,-0.7066691040731404,2.2425633334792705,0.5237168956766944,6.061385557744208,7.2063056502740634,-14.979838633853266,-4.940757048810348,-0.38281748098675,-0.5459619271149279,-0.019122179853707483,6.20257831211009,0.3358472647200691,-5.563058635321688,0.116743173177001,-0.6060838322196587,2.898188266771606,-2.452804387957162,-0.2871095048623429,-1.3496496702201406,0.4204885965982532,0.7065054635472527,-0.5041395375749674,0.24706110404719084,0.5163966677865788,2.3984255962107843,-1.245051223503995,talk.politics
1.3831945153293432,-0.6245370793214269,0.6239242478590205,0.4800636179041039,-0.5407361604861272,-0.6090699024990173,-0.32390885321592183,-1.1140519232884454,-0.1022350640094063,-1.489668058288258,0.638543317267599,0.7099327481472374,0.21187917882888407,-0.2336069609828654,1.2663302679562887,-1.8181339477936593,-2.343205885866346,0.7260420148390233,0.327358070012135,2.6421070103436954,-0.0769681517618761,-1.7447603876053015,-0.8819607642671741,-0.4457574597968489,0.778106211489044,0.20199901075732124,-0.6088128886793001,0.9288829751145906,-1.0553241585924595,-3.0945311927896033,0.37375902288583607,1.697623779709341,-1.4427147860027125,-2.7366616592453124,1.0103793132832635,0.37735346636412914,1.1653818457210725,-0.4949645508907007,0.08450429525583814,-1.015995431168029,sci.med
0.6658778237063901,-0.3776899519653185,1.0874892323954102,-0.19449148486477605,-1.1030143021725447,2.9659041871494027,-2.5208470065727346,4.171681546888107,-3.456306589854793,2.286448881964364,-1.0356040560453943,1.6080672471727289,0.14880876167959034,-0.20260577291807386,0.18863108156798006,4.460700319844602,0.6333667438832479,-5.601611172269459,-6.847691315705704,-12.109007649608797,0.3414734214264503,0.3417539207135393,-1.700627249651378,-0.9769457393818821,0.23612979213225338,0.980004236133894,-1.1928436666902742,2.8386992358729017,-1.2983259396689026,0.32522143898618694,1.720120838072184,0.8810588920574334,-0.7347432134727092,0.713206899506162,-0.21392646635116538,-5.8336757366395044,0.24329568361934695,0.30515083587497266,1.9843173295548369,1.1480908663974327,talk.politics
-0.3825838427224335,-1.5280641477450918,10.218496908828394,-0.1135881136210503,0.4144181479677711,-1.0265858114521509,-0.05195477090077795,1.688847336176047,0.40197577280976304,5.441975665555537,0.1871071001250919,0.2687757891486415,0.28134834748957704,0.4202685290565615,-0.9249258157192739,3.330615258605783,2.6390975242062513,-3.9661329583951166,-10.587796539788693,3.026153811160827,-1.2540873645582127,1.3048347633193296,-0.5918760663430924,0.2270288603889453,-2.32208141699798,1.3049626887904189,5.012612583647691,-0.6091286968672192,0.1351762413426691,-1.9504465888005644,-3.3331492841612853,0.3884246136775064,1.27427225873437,0.16019346633005993,-0.3449831619570674,-1.6838369057100973,1.323025903859828,0.6069426083866378,-1.896102974295803,-1.841919078931543,talk.politics
0.8085710068901167,2.34662451035995,-7.2669736266686105,0.25062823210330204,1.7784305007626298,-0.4084449058736932,-0.5587958188849573,-2.747834298004565,2.6267773898050724,-0.684111123862084,-0.6026243046145574,-0.7742038183529005,-0.31207193205273287,-2.245585897565163,-0.2643558332034669,-0.8994783243139393,-5.795850456304122,9.706412702174573,11.359476326779655,1.5208050862538032,1.885205107139481,-0.22549342333463607,1.2288565502005595,-0.6274207344263732,0.7558521394461688,0.19540322128332027,-1.8510967391269464,0.07930009632051838,0.29551169159033874,5.3577073300026745,2.522788168537143,0.001783041104608902,0.4610780322964351,-1.950723751631525,-0.33781509419140304,3.47248967244723,2.9908984168206976,1.9186063338762078,4.522056525921502,-0.3532641354381582,rec.sport
0.8202983745089647,-2.5698170535936367,-4.590374548494133,-0.6856749175901302,-3.4223044948760073,2.3993870221102207,0.019599616577628293,1.9168291407382383,3.465770291514411,-2.147078227677964,-0.5166141987601078,0.6959321009408497,-0.8024300398648369,-0.3686193657856996,-0.9509533830944716,-2.138394432489015,-2.170744634189852,-6.55102280567688,-0.06638525332094618,3.492018452873951,-0.7663325472069559,-0.33931118713815905,1.5404412397766734,0.4600423238604662,3.197407519749449,0.8070464166066873,3.8003718758561993,1.9082547386161712,-0.041337204809170254,1.7227377203235767,-0.15532945392873043,-1.0232532233755844,1.255349780288475,-2.825370731157509,0.5789286485712348,-2.7420284970809092,-0.9973422862477344,1.1196877785533812,-5.158785848092076,0.28305316225865373,rec.sport
0.2690526930157071,2.008411643480307,0.9871104610781829,1.2065357234543024,-0.4593958745985104,-1.7084595069955073,-1.4512262989011584,4.203208039195679,-0.8590521154128016,3.412442050220098,0.28638674395539016,-0.4134487034717953,-0.9242684025950716,-1.1208969737681593,-0.9001602278736629,1.4926142048314537,0.9565917392082717,-6.871598872256304,-12.15695746792141,3.392830805236605,0.6285441606950897,0.2472714521087559,-0.6172857068788872,0.5328917202270399,-5.1096225300926,-1.7047757442280442,5.547143593859868,1.652237123231025,0.8865794927576496,0.6856954321143199,0.7205153298129738,-0.18859482914748824,1.202249003361171,-1.9638552195700283,1.21317918839159,-3.0977649515028056,-1.049617742562522,1.0525473107347487,-2.5596930080186717,-1.8429369062476757,talk.politics
-2.141430880319705,-2.8852471670226496,8.60930205557542,1.8640485304117584,-2.2484386102218297,-2.8512916778495265,0.17394720841281136,-1.5721757484577976,-3.525263303395519,2.309112197065409,1.4548261741466506,-0.20937561331191326,-0.6181750421001689,-0.14486675514609437,-0.6996008087023639,1.6409478769473462,0.40208638890273274,-9.371683577415299,-14.820479531192229,0.4582036626430763,-5.255602045472572,-2.2557913310947475,-0.265920074195552,0.6297395144087381,-2.0546127766915756,0.40582408667381425,3.756333829140428,4.681853645130585,0.43100969213007667,-7.358625553068229,-0.8362711595541331,-1.636403019206485,0.5568747223681456,-2.0221689005131904,-1.6191730565158649,-3.5350260386772048,-0.5189245577776801,0.016374241931293703,-1.3685559768721853,-0.9869427365015568,sci.med
1.0189232400898984,-0.05106827967441174,3.441447592947285,0.9198715159544302,-3.3704855695490608,1.2967736360261237,0.9102157836647453,0.2959293624843342,2.884741277344358,-0.8613360161411803,-1.0401987109554731,-0.6161434580489434,-0.18352817215715306,-0.36234755754610226,-0.5942108723816666,0.05228460161347703,-3.3332906487973304,2.02092364205516,7.70763147862219,5.0787859281186245,-3.37315018652973,-0.40328779191093866,0.11345604005655238,0.05674168329681941,-2.894265209143204,0.7418222943901266,1.8892202805317844,-0.3605630675561218,0.08452698378432454,-1.5267869145503605,-0.7388639186168516,0.6988156702804763,0.18583762890275304,3.451707864576057,-1.209198711239606,3.5643619803483233,1.6473444359859608,-0.0919684662030466,2.3020218749838475,-1.081914368713133,comp.graphics
0.6841632086089545,3.550981813740389,-13.986774620496675,-2.4353123317828884,-1.8581454979645988,2.5861793143235343,2.7030275644050836,0.5641431670685144,5.751139099450844,-4.892706456833755,-1.2498203395893641,0.17615045188769213,-0.23066166663970813,-0.41051848272973,-0.8147560028235481,0.6387713185676691,-6.703706198773909,4.026597947723476,20.056318771995866,-4.795915296038194,-3.6381372538205463,-2.304211935943967,0.21896391585597508,1.4419424019526008,1.292409911197946,1.8188985322003248,-5.121822703245393,1.5216195880035033,-0.3610092232525697,3.687626451498156,-2.0757394674395235,-0.2652375404702022,-0.8418216318681523,-2.291298433095081,1.1032175720536581,1.7085429189172618,4.047448910051692,1.177184963184339,4.172013897265281,0.13674664739923068,comp.graphics
-1.7059590948907353,6.111648238334146,2.271177742484778,2.052073311421935,-1.6716732828982626,-4.35550841328829,0.23386510100924698,-0.9559023059654516,-8.387302634877226,4.289824064963169,-0.14648067072816137,-0.04091753519506904,1.164990882563923,-0.8373807896824669,-0.627092824772296,1.04900191240351,-1.3322310544212381,17.38464317581478,3.5403247450588267,-21.050111493399786,0.35567886035350293,0.6763570476749083,1.3523625459261506,-0.1692744383326247,-2.1895511566063424,0.8957962182359285,-4.089572794313709,-0.7450577032661692,-0.0376871207422379,0.7874053618224068,-6.314085611541434,1.0064110400265547,-2.3648553727915123,-0.9624875596233281,0.625318334021503,-2.8766636014643705,0.37227901024858334,0.9252818927168314,4.899890336976213,0.1686513676101955,sci.med
-0.6292121495294424,2.1451484164300174,-13.86913711650807,1.6505729632328479,1.6085105339225252,1.5663476020384945,0.29722722158508635,1.0907162520339841,5.357772708515605,-5.379610559816715,-2.2175910793587708,0.03352470238858753,1.667256841749534,0.3461173287977227,-0.03204749416371351,5.178754560260691,-4.353085395920205,-8.580447454139314,4.619669083260926,-3.172134833225785,-4.903724864387956,0.8197397172580948,2.135586730077366,0.4136162575716805,3.0529761333561125,0.49201428056689855,-1.362436004370054,1.5769885755343138,-0.19547264358597383,1.1505564856237662,-0.0999531129565967,-1.1681778278502002,0.2820342192093425,0.7495074007913829,-2.1239928181256356,0.9947774565696215,5.101741612341552,2.0642201348524107,1.4172725172845138,0.15809487586680993,rec.sport
0.4456779070819239,-0.21458211140983852,4.185201960970707,0.20748879785218177,-1.5193442828416304,-4.597919001408735,1.1209365124062458,1.0617974889153314,3.631316212276251,3.661139219820309,-1.1241218588607733,-1.6047050097978122,1.569628586939493,-0.3248579264985461,0.42350787402203743,4.032007490938273,3.0540186343197053,-5.23329963833161,-7.251649911614215,10.519532119323685,0.19721101476259784,0.3849664160476343,-0.34230484344914897,1.193611755172588,-5.786793499553896,0.8596307868548461,6.808254898911197,-0.13624458649819937,0.7985666731105902,1.728517071431807,-3.829732717159205,0.10254143981752241,0.902091311588268,-2.1186686542960613,-0.06744655855518213,0.854886717616919,2.1514568417122817,-0.9820194972109048,-4.0906261800669155,-0.6867323955673516,talk.politics
-2.0276772716708487,1.7369850610679136,-5.285891331556583,0.6932176016587042,1.9072194840724301,3.6215933127603748,-1.829681815208083,4.200774300049134,0.8800453819831213,0.763077795972068,0.7031401972360493,-0.33257937984987496,0.6159670060468382,0.5306831230100478,-0.8860402469783771,0.4054761478193215,0.4815652576720377,-8.150739357095866,-5.006764513796488,0.5490350057450708,-3.0622033085964526,0.1293680067038185,-0.24402835217113436,-0.9104867035315213,0.24746345242425183,-0.663436157219488,-1.0024775357363325,0.7737369766564097,-2.380739105523497,1.915680260565385,2.136632188925777,2.498430483721495,0.29471925290230155,1.7325553352600538,1.0371814056490503,-3.3199256736555434,2.6684795483448793,0.03757485933586561,-1.544283943789337,-0.31469082878809246,rec.sport
-0.38448912104151794,-3.0065912378014303,11.938116963729087,1.1037200137225964,-0.48983795770456373,1.0313040078823057,0.9453117712358652,-0.8978898188030306,-1.043047278474308,0.01936960538458954,1.0835831031099956,0.48279012406031796,-0.5525693461188524,1.4355709931636234,-0.06338985203481078,-1.7901041260139268,6.751133149452607,-4.8284201218138865,-9.262823284103511,0.7149698545660649,0.6948723257790991,-0.44258929277415615,-0.9972282874387761,2.044481557199944,-0.528279597172608,-1.828405880841963,-0.19397511351891916,4.52893163178035,0.0077278931756846435,-3.8560908191562886,-0.1085995859183575,-0.33346069318177196,-1.0590371220120975,-1.6150306687842388,-1.8730058309306206,-3.525668471239621,-2.8023988620097775,-2.0683757154310323,1.2469462505531435,0.08939527893161327,sci.med
-0.7067067683730057,2.7482764438046052,-7.151186380672672,-0.6292206728473624,0.35275815965236956,-2.498512596574366,-0.20233890687008754,-0.38016297020616774,-1.1779963209791133,-1.819767926569652,-1.0804073292785017,0.08387250176093364,-0.18324524320928193,-0.3266137806612126,-1.2931222504049704,-2.3953194042890935,1.5648024409018075,-3.173705451141298,-6.837538399417417,-1.3267574069679855,4.7473082743741415,-0.08378309988906465,0.9531762543293538,0.9459295852703784,-2.8615123957558835,1.9853803952602933,-1.597070470880891,2.098341028599974,2.254038108921119,-0.09790397334499445,1.1784787454242036,-1.1774165052492886,0.7890752013999099,-0.7617197767509096,-1.4419103561118092,-5.870383434659521,-1.4681240284728752,-1.5530352778398206,-0.4330904293843669,-1.4035586295636626,sci.med
0.18780033804252202,3.8471486447644567,-9.866621687427932,-0.8097248357672839,3.8091518134763547,1.5323145562365452,-1.2894805872096875,2.486778553269349,0.3952791237311205,-3.1868303315096087,0.6817434088151417,0.20335945999876773,0.05844948070564989,-1.8402663847955685,-0.7871740699869963,4.705530917166248,2.6869564999548388,-9.749288211570414,-10.451835537523083,-2.7583697109496224,-0.010720908343831548,-1.765387587029974,-0.0596543119921916,0.421716933003097,4.483769612977977,1.3281660539573328,-0.5376685499095891,-1.7996945010227525,1.7409414865969908,0.5146449754225729,2.564480495607843,0.9625028858001017,-1.7016658582874162,1.6972941915546558,0.9126203225404405,-0.20504841606226631,3.257517887660917,-0.5042980158126232,-4.199387468880383,-0.6078238926156243,rec.sport
-1.1791082143628482,-0.0844256499189242,-0.4259692323944238,-0.5703140677864661,0.09785064639554819,1.9856130234372977,-0.7641867866378464,-0.9250316883911294,0.7512894077252521,1.5146672738140754,0.9259751007146168,-1.1904077356744902,0.8761739316930753,-1.531535315243643,0.03390272368233751,2.192196416792225,-1.3130012786405898,-5.391611863801122,-3.0198013362422023,4.513988129821895,3.0970064598983056,-0.526531687096043,-0.38245239766929023,0.6445954324151765,-4.146097182540149,1.150267395898296,2.2810778910566123,-1.9039537403804938,-0.5235759884065829,-0.9588316966192771,1.9454344146212172,-0.09107586035302723,-1.9759632998916197,2.0410881969789436,-0.7094311573284758,-5.286461177232739,2.722668095962039,-0.20528401949625125,0.19851407120679587,1.118549944255326,comp.graphics
-1.0179114904771591,3.0991353232059993,-12.39184117974906,-0.4513028643436646,0.36981981208125414,2.6843283653797134,0.01804725246822428,1.0082771958657695,1.796006438128321,-3.891919557659997,-0.9004484613780268,-1.2876052836530612,1.2106745525421971,2.369287300811497,-0.8221656066894069,1.8646221641242975,-0.11170592456536443,-0.6251200919340775,3.2857238065794565,-1.393243826196661,-0.5201683311530599,-0.03658003987684579,0.8515910458931973,0.41195299906180954,6.262706670134811,1.3954340821991853,-2.6586735208562775,-5.502246278064338,-1.7378046158464995,1.3101689627176163,2.0289612903195486,1.4194556807978391,-0.9096804393124754,-2.2198527858377632,-0.5996399948212037,-0.11308763186368354,4.504191297333727,0.24180207155574857,-2.0268221319636446,0.3014070697811174,rec.sport
0.4449683153761758,-3.9312572384841555,4.775216241891094,1.3967601773984912,-3.658619491011116,0.7375508072970389,1.3914579669559421,1.8276058525911731,0.08997634777734054,0.7400084313073583,0.33086702840635124,-0.16176728116566902,-0.21224430983993056,1.4106923204208948,0.031063426398931438,1.5351252409844869,2.8785319253730632,-4.8922629585148005,-3.5462690748158807,-4.984373552896939,-3.248920871618746,0.5095135639296859,-0.9345938948984711,0.021222650834258405,0.6696167137171374,-0.30971081180657256,1.2082295853242881,2.440852188486547,-0.18733030982130086,0.4550359478312268,-1.2913649479234641,0.7497666284891851,0.07758538948639096,4.136669367485048,0.03277363755578143,-3.061044764997015,-0.9963793811536253,-0.5744867054162757,1.1940741399099688,0.8717025855988134,talk.politics
-1.0188699570667352,1.0753999429539205,-3.410133274559971,1.0400578907933893,-0.8143805112283105,0.6485129557729055,0.8913439016052467,-0.6347181644738097,0.8674348418472813,-4.4940129830028015,-0.38611277608614164,-0.9400159321237541,-0.20435572664564833,1.4678504449973098,-0.22777097912363464,-4.0039684146177565,-2.487328206277697,2.409534019229498,0.6817572418202694,-1.4116201390143461,0.9774699685821677,0.6938234538591022,0.8157544866520694,0.4441451710872574,3.7331640135471114,-0.030263057596985755,-2.97572396572689,1.670915659334542,1.1665283362210033,-3.4392624291295304,0.5070412321756035,1.0152208918143053,0.6024734362823633,-4.766520710491001,-0.2904414820111494,-3.025141483324255,2.2406358676079163,2.598822900074582,2.3116201188481353,-1.7240618108680354,sci.med
-1.5450564074064352,-0.8915883680165396,0.035490993476015906,0.667065472728354,-0.6970696824890962,-0.9295731870528441,0.9530094982140498,3.037918875628038,2.009498468091138,-0.4865054791108059,0.533695248006193,0.29657267669430815,-0.29987747449661223,-0.9384671057410849,-0.36331200838854505,3.3717829849835246,4.029769378365429,-10.546642649065259,-5.748901021220242,-0.5183837263751082,-1.076593239796915,-1.162938986852913,0.25678325732472285,-0.13954204292790354,-0.46934566220983387,-0.546407619463673,-3.2375662791019693,6.2093883092227955,-0.3574150481706999,-1.0775549936740043,-4.056794715254686,1.4929526227538277,-0.22847254380954055,-1.5516425112695804,0.46041564984282407,1.9210254982906496,0.8780360640931566,-0.2822405919232288,-6.80647346081596,1.0507742904721133,talk.politics
-0.6368764742064333,-0.5736547757282299,0.5026698599164844,-0.2818448493970999,0.5511668909941014,-0.18201166148597903,-0.9779388355526387,2.177522602941138,-2.4420686358680683,2.1039757427325836,0.11447605881877927,-1.419877164270929,-0.6124228909008682,0.2921488421187989,1.542547211374117,0.23220149462958806,2.689626418272021,-0.2844019768637702,-5.741131364794337,-8.621361407752492,1.1748877030470377,0.8687983383055493,0.8627545919526867,2.0268171160423925,1.1351939496752903,0.2802359460024943,-0.6566250345970392,-2.324096093296137,0.02310434600073103,0.1897178010006444,-2.516552809323355,-0.10852784256484785,-0.8300704951292369,3.623380364579428,-1.9790186934897123,-6.131783969819774,-0.5366708000665003,0.2921688282073261,0.039009729741912746,0.114845090277753,talk.politics
0.2775525134935317,1.578989742921361,-7.494080495497913,-0.2570524088130647,4.275852856663293,-0.6932516907127115,-1.0391111683677392,1.9850650639980036,-1.9777046823865276,3.7020603043467784,0.6882053064528827,-0.9969316264021268,1.6875480552367936,-0.0120435529599315,-0.9331060771871093,-1.156577027030792,-0.6627083310837342,-0.49020993346706326,-0.9113028772420368,-0.5273107093811734,1.8598535358055701,0.16064994035311653,-0.6281493997556425,0.7267940464018038,-2.9193776843026393,-1.1207676506962496,-6.556825962968113,1.9291226868073208,0.6622629821596197,3.3248987730369874,3.8913182370879182,-0.44360683020738595,1.2863821369955335,-0.04535253824848917,0.24511428437261784,-1.1852940066064552,0.38060716205040757,-0.057397463786793744,0.7397141031713381,-0.05080078861953355,rec.sport
-0.07749429989298792,3.9886147564294205,-5.29475700699045,-0.5784597288763313,-0.16380774040708612,-1.607657154337346,1.1166812750675223,1.53181347891626,2.963178622712036,-0.17110801564989875,-1.0660321716276806,0.8264033173305246,0.2320946379285372,-0.9980946277690352,-0.05843011899748824,-1.8969504444865526,-2.7588695315062264,8.188561512578065,0.25418353603612565,1.764116271406755,-2.22581026680228,2.666905222320009,0.19507692542260213,-0.34214865112723886,4.002545365294697,-1.754284852822499,-0.07697900263380286,0.990316909730529,0.09715578708624777,3.9219113394065612,1.248341623450914,-0.05154220860765155,0.5374787046064285,-1.077135140302152,0.49888319476821275,5.645096007024708,2.9259830210700635,0.09452756758846836,0.1501226798683033,1.8060891178369614,rec.sport
-0.027384320403744018,4.251940340157097,-8.194697446431485,-0.27036669676116976,1.363891794572294,1.8392355936274432,0.967794469003426,0.7736610056945712,-1.9205691554346631,0.7672703991947496,1.5360611817095284,0.6869566320986773,0.3989921575016956,0.7979752545819053,1.953107198272574,0.24805775043098988,-1.5898672578062512,-1.2416464494686887,0.16450825018005358,-3.7477268027759156,0.2756495517212916,-1.2715485208922839,0.14299063480921648,0.3246582355025183,-0.759394133212391,-0.5551092279283498,-4.898960439984529,1.4677774869251405,-1.1530843317397823,0.6962698872221275,1.6279466893542556,0.5975377058947282,-1.7260106186667665,1.8877960055474838,1.0500490415534267,1.052633477612009,-0.23443424540001723,0.012169682282905197,-4.2156507607747296,-0.09287450139305273,rec.sport
0.820553502887897,-1.3678000587722967,4.836915662441341,-1.1031843812330935,2.9061817518789717,2.8779432216135046,-0.1090234199634638,1.7118815470181632,1.0411607844679667,4.277271497247817,-1.9046746934654637,-0.42002772729416255,0.03437530902646009,0.033719054901053244,0.18430906407810346,-0.13317477614496265,-1.885843804001677,0.45138806961688444,0.13007292690204394,1.9257933686390611,0.6837039698103358,-0.5968947847319713,-0.23644883673585937,1.3621324036850793,-0.025083871602990637,0.26859358104429787,-1.914755386307547,2.057280396720838,-1.6744694604532453,0.46751829503421116,-0.16953168030820276,1.4444121950550874,-0.11961962436877134,-3.4599976678711837,0.16058943317175978,-1.2380672326719144,3.028509382439945,-1.1148221873524142,0.6502042377516387,1.1969109487613523,comp.graphics
1.0734127024104452,-0.8063447315219898,6.488577307743172,0.7654021560133495,-0.7417109715095996,-1.5367232561929587,-0.019318304271835673,-3.023722214308857,-0.17224406776548773,0.401320258172843,-0.1554224325277597,-1.94249769096177,0.10163005353342468,1.524517181115903,0.4986899121355445,-2.6835532756710787,2.6382933379886424,3.8067279458195222,5.768339547307914,5.326965912010611,-0.2435368170488298,-0.15464970656083346,-0.6849871791437476,1.5884471762401118,-3.3384131320787063,-0.44494639089525284,2.6487700140613395,-0.6941406670586769,-1.8132934720171585,3.2970934819330298,-4.798429044301603,-1.1557075749169152,0.8011817639881827,2.0458613583093577,1.167217733304373,2.00859013762373,-0.7047103714723175,1.6010743061643926,-2.836552103066924,0.8918405795948128,talk.politics
0.4608248654038653,1.1692898501429305,-8.114693402985932,-1.9632891478389742,3.79571918922879,-2.1935773507872467,1.4622546040347288,2.5120208680787934,1.9057082362850648,-0.8978348598968602,1.7445838700752485,-0.08106710543541713,-0.29045391622778904,-2.219777947451851,1.048399887813541,0.6003487692788154,-0.007239026317272357,-7.594366707262391,-8.77206862464375,0.7577189225785924,-2.753601730893484,-0.41342377063644137,1.434309669352076,1.4287601620367705,1.9951077776705164,-1.3996815047326863,-2.3486404456760304,2.7168268396081983,0.03239621368357873,-1.674334674053964,1.7338932845302164,0.8598335614674577,0.28475459338556824,-2.143275767511045,1.0725417995727589,-0.0010450071445606834,0.8351397196084656,-0.24936962517248124,-0.22475466083689122,-1.1630426502846019,rec.sport
-0.3884799067714809,-2.303878826963366,-5.060435086921075,-0.09514812307732015,-2.7273554372567927,-2.1801743121444277,1.1049972018044145,1.9133185353716056,-1.0244641365734513,3.8611310466465936,-0.17117936979639942,0.33396514967619034,-0.37753114855982517,0.2726335143194143,-0.21600142157311336,2.8205105506036103,-2.919721599521737,-2.8079445409372545,-5.842375894580127,-7.499166877442374,-0.4370369058335589,0.6312243569717831,-1.026625482884179,-0.5334524457759005,0.26959218328946344,0.34222557942434556,3.792677114398927,-1.755318306953981,-1.1512266575071441,0.008694788817316779,0.052683886520870304,-0.06611239395200703,-0.4581369898417196,2.4979029784919806,1.257613112576651,-5.535767925524384,-3.2953261537272702,-1.098679373434385,0.03469518249913439,0.04456961088927163,talk.politics
0.012521864329786338,-0.41583696650471436,2.412993421157748,0.1652400500649252,1.750570864898539,-2.8541241378023035,-0.7140651179821788,-2.2723647806312846,-0.5541247353495021,-1.257317164865967,-1.2855991140527723,-1.431354847054427,1.17841931756372,0.33271932958518796,1.6372116447028533,-2.7402663729583963,1.9297343031615677,-3.6671054954014854,-6.258523847313302,6.9379273135470125,1.7541694143283701,1.2991498205476675,-0.1720413592654725,-1.235703022049409,-3.52593600105207,-1.333148008477209,1.155684235789278,2.512243212506446,0.6675480803699957,-0.4253119653570666,0.6156109311997191,-1.615846470966832,1.438169201145702,-1.8061363384073084,-0.29951503754747755,-3.4879090439906326,1.8315503534334352,-0.24733596389641815,1.2302527647773671,0.33323053499002175,sci.med
0.40813591277835637,4.139299240835455,-7.570841077612032,1.1782528475480023,-0.9797368774912443,3.3950586407937573,0.6353291952162062,1.2994688711523636,1.4206503235879342,-1.7867123022133726,2.9430483352686214,-0.47364545765119104,-0.11766730219285336,-1.1179276080367397,-1.3756340887863618,0.9254273027070185,-2.2115749852449023,-0.6957267234223729,6.549676845658463,-2.3633721780036834,1.4045979962738764,0.35533819559013685,0.47463348556679213,0.24495709317200393,-2.1016390996037604,1.5391972001749075,-5.15141315988015,0.7740652733186764,-1.809267714588258,-0.13495517813418045,0.2910591152338253,0.7244910603817276,0.7075918219746196,-0.39759361083262856,-0.4554670562497405,-1.5966043314167657,3.0980175141252397,-0.9282199673480178,0.04305686917024709,1.2434282781029249,rec.sport
-0.6789803464631321,3.2407866037589717,-7.602029005975303,-2.3960822883304163,0.5499817886963083,-3.6912114359679764,0.04189592115427648,-0.9600231376480075,-1.5868206422387219,2.3298328551708996,-1.1574157902154336,-1.874892064047533,2.6366691419455885,0.4403539938779136,-0.4805744132024745,2.6485005857282182,3.1595466430667116,-6.006160356359975,-7.068463002539231,-3.322438268738438,4.94542582748256,-0.10346278984692345,0.435546318992364,1.1625736681878402,-8.321611139461025,-0.5209685512310958,-0.9025340446482506,1.4844248896900092,-0.4895706470306716,1.4919571796909932,0.1755378642980121,-1.980836470922634,0.16648527257714707,4.659693982403269,1.1535028497815438,-4.692743428911368,-4.2275595436313305,-1.0504376287559674,-1.6717713020575549,0.8461184692959337,sci.med
-1.722256933957519,-1.7942071113889437,8.159862966412048,0.4458388752292466,1.1204508321317617,2.81603347165968,0.9280156591516868,1.651830789187325,-2.2372761101969294,0.10022357756098632,0.410383276786892,0.41135763115143903,0.20849197057558072,-0.3524537316377418,-0.7204550706750589,-4.596016995701533,1.164863468709248,-2.019466214570559,-7.069304522068011,-0.7643808685482577,-0.36965738115463775,-0.4012092065446777,1.2304600477599754,0.018252460856112946,1.6940404926953165,2.148296863786959,-1.4614283174004843,4.0454222716582455,0.7095994793835665,-2.985785250624028,0.7742302263918637,1.2146667801329025,0.5274808330277304,1.68671039096804,-2.354482922696602,-2.146735510887655,-0.9054260264049384,-0.09390356871304721,-0.4435670112988417,1.163000969705304,sci.med
-0.5387903045767108,-2.0634000528579834,-1.973544485851418,-0.7075522852941063,2.4215050312656663,6.0347673764704615,-0.6332727047102726,1.6359547404370356,-4.066701329523269,1.1180367637570792,-0.04129136178466144,-1.125654967800585,-0.09676010318688932,-0.7289592500331622,-0.7202120210067899,1.5645632751275584,2.1969922012314766,-6.35838466860006,7.202963443416158,-3.6981582447032006,-0.5846465136091354,-1.4762625440017794,-1.2444864498888657,3.529055187570484,-0.8775141851584076,-0.18901429768247416,-1.5052918211438615,-2.9314911376824977,1.8055744326868153,4.868812446689796,2.6783484965777795,-1.4745026870482356,0.4498272137265099,0.7266890496247367,1.0108397350203135,-3.5238953403844624,-2.008705214176846,0.1802948805034444,-0.892021359050468,-0.8148681489093441,rec.sport
1.3427218613511855,-0.9254396577016604,0.9007043091693069,0.38082641834525377,0.8288770756769368,-0.9227150498182877,0.312865651490911,0.8602237318269432,-0.9599274795956588,-1.319094738621173,0.883606785994169,-0.6489985204731576,0.06573766004728737,0.48721819463042715,0.2651639227465874,2.7279850570175324,3.8846831077530153,-7.129066064237349,7.2129327512020875,2.3537031942868167,-0.9041152393580925,0.08486545836110417,0.48459137883927483,0.0812914250424811,-7.744768433367888,0.7673073626024868,4.146054608091377,0.6490663880944509,0.685619374218483,6.935489949966516,-0.8709765889974693,-1.3661983376689175,0.2674753888980612,-1.148556657917071,-0.26836879913738076,-0.7888709557630764,-2.4483337945587023,0.14425352228204003,2.626325115514118,0.33078380653823597,talk.politics
0.9919263098869546,-4.691066860766404,1.9039136227004687,-0.7798066757376003,-5.0793938883760665,-1.67710060958146,0.2839110587363809,3.925540406702371,0.28182836332446803,4.60279961490158,-0.01813424350808177,-1.5235978106681667,-0.007062904550829715,-1.0272518875051289,-1.8829834466717266,2.3772145003528324,-2.898086661820109,0.9720763873080288,-1.9430337500892214,-6.916421015807658,-2.2305756518709687,-1.0263536223898961,0.9877285159245996,-1.3845180194249966,2.0149031002616375,-1.601181198811573,2.0112110894864275,2.0383549788749407,1.5894412835616984,2.738283693387137,-2.2402117149405285,0.2932844290048521,-0.7756063614376031,3.509541365010824,-0.397548696545778,-0.7909084357507707,0.21468358042705926,0.6255913025065598,-0.9486064695348527,1.4846418618765076,talk.politics
-0.9722982447348347,1.1865524341988847,-3.321523120544241,-1.0501865373616694,0.673518493967851,6.179989837278065,-0.45669761502324635,2.7986024895855173,-0.11840622364141207,-6.329905847040338,0.22392687394660638,-0.7560040194566048,0.33899351380941967,-0.8246120097650219,-0.45025338777827145,1.4357622656846059,3.6415428301490733,-6.795038399875477,4.561429603856141,2.4640959828332694,1.537197924180292,-0.6610250546274942,1.0216352138276081,-3.044656539243162,2.5247819314435036,-1.0588001482478198,0.11924025917677805,-6.117279317425465,-0.5149387064332724,0.707311730180519,1.8595305408770724,-1.9465252863588642,1.436368034243754,0.7427539961982046,0.4562494885285328,-0.07177915809441049,2.335226858153278,-0.7155129854852287,-3.4417518265904823,1.1214992118499283,rec.sport
-0.6417271436521294,0.8323840161454406,-12.434805191334599,-2.954248941242031,1.055846266857143,0.1998849695334628,1.2497104201843185,1.4311580445257228,2.2966819322798995,0.6152110302446201,0.12224300454706621,-0.9782549380604774,-1.05649707062526,-0.08259257535129046,-0.625916017684602,-1.6833954765370935,-1.4878315224898637,-7.288648451115126,-9.337542598557635,6.047241164461465,2.988854575264874,1.9669169625082537,0.8634372801898786,1.0472764085594626,0.6776366727127805,0.7699687313352226,-1.6486109840836223,2.1736828484674238,-0.03914402696834188,2.451523768306134,6.409105038802086,-0.41896344552123466,-0.015563088870293978,-0.06859448174020644,1.075221541181916,-3.9969361808377757,1.9547094275824541,-0.7749628240639848,-3.3513413534809997,1.368094236814898,rec.sport
-0.7423280128765718,-0.24118254556012175,0.1457406768861857,-1.3290076372234483,1.6114783031059252,0.860238171098876,0.06078537250130285,-0.12136209066004433,2.740030278158943,-2.3582267639911905,0.9429386198972337,0.007560180394133265,1.9262858548553932,0.3320814614168105,0.5269813913637531,-4.708647532911506,-3.402321566863302,9.730604065158522,2.4654612469941517,-1.7541512241689732,4.715995636941893,-0.6838489004995763,-0.43507724157631605,1.1788434440256437,5.263748472865277,0.6461296760241716,-5.5927866737672876,3.752705586988025,-0.009159038534655271,0.19186824942520198,2.2327846157641984,0.18125394834505026,-0.31167588576523414,0.8205890923061532,0.08127716759106869,2.0603900306981346,2.7173721878270696,-0.3207838618519991,4.783766220004787,-1.3620433708547575,sci.med
-0.8610496721655755,2.428138663414077,-9.066899018675889,-1.3450144839306688,-3.158349664540616,-0.6454700905865778,2.202013924659616,3.938194846328577,5.07832028423655,2.8664642865560577,-0.363131646817078,1.0200365069020898,-0.3560920486190552,0.8625434846151703,1.3771809365045613,0.18288322101053,-6.013384144192421,6.942561219885473,9.948165935598615,-4.128062197791218,-3.9565495271328093,0.954085102156628,0.0019768447558107757,-0.41643843324802554,-0.03891856319391307,-1.6949734385166126,-1.5551631994687984,2.6358889398495666,1.2184802148716865,6.25035237176402,-2.438337219283745,0.8544020011207198,1.5328733556363119,-1.1837750050787512,0.10957158007785811,1.4665817439547133,1.979716151547403,0.8202323983059842,2.364580415897466,0.8173062037383262,comp.graphics
-2.0495145161883253,-0.6634037380428468,-13.191699777417375,-0.6545335709983099,1.1692332498823188,0.5289395273744366,-1.4387201010568695,-1.219496978247807,0.5270284016690909,-1.4590795532034888,-0.591018455733432,1.455434483915325,-0.2252626424913536,-1.2261793578126834,0.3735336834117687,3.7267016633418777,-1.4490445584478884,-9.25036007915995,-0.9087106911126315,-5.491281178868966,-2.8882161095019714,1.0895365830766406,0.36539424192514075,0.19265153264802468,3.5009270554489467,2.196646054978954,0.7749061517949922,-0.2146578338600722,2.3654077719999735,0.2058529741265116,2.9085624314923093,0.440059929023145,-0.03916211544275943,0.9459668810400854,-2.3784316598733284,0.4635531262227961,-6.226385629425421,0.7674793445541306,-3.0239979855466164,-0.0017141536690639572,rec.sport
-0.39732325255136186,-0.03229159316080543,-0.9357813776741956,-1.187765239917527,-3.801419352185601,-1.6370983568932733,-1.4110568310660818,1.2478775497718517,0.76192188360935,-0.07481379018265089,-0.8515399797793188,0.09109360625591317,0.803154742614022,-1.3307051313309262,0.5343648986363834,2.2774141792216067,-2.6294974151228674,2.544591100932086,3.3578401585928885,-1.4619014877380376,-1.848301296889629,0.10285857793233408,-1.8927621775900518,0.7330542814659985,-0.13354952910786078,-2.1779677321946878,2.069215892487839,1.1453541890064776,0.14934191105988046,3.0448001851703563,-0.40307849504590854,0.006273156184418285,0.31149085879778987,1.4038710159233116,0.23962751823899794,3.361700483741343,1.7466514617275555,-0.6994145401232875,0.3723232439817967,0.1616985267047529,comp.graphics
1.1273500893554853,2.0290946815139073,-9.217734817934037,0.9970593564536414,0.6926982396661421,2.296038339942724,0.47314545326778695,1.758106625995956,0.7997368050160025,0.045232625877022814,1.1910906831461916,-0.8238368696411541,-0.7029114380395675,0.016124787900472438,-1.1298498572185598,2.601991409507238,1.1445544676114447,-5.76573654589781,1.9373217435645358,-6.989772105187275,-1.704898089909678,-1.7554378973107099,0.5206894964226687,0.46643128741231693,-0.12420001134019598,0.14330630500000371,-2.9488708795617686,-0.6388729217990516,-0.6951493580768724,1.1648205682960264,-1.3363516352108211,-0.14685352125530088,-1.079532852166039,0.6610155643086975,-0.2378070374259397,-3.8377745290755865,-1.2358694552068459,-0.51590531313234,-1.2300447806931325,-0.9253922576429561,rec.sport
-0.39828303354254857,2.9286818412819056,0.5360697804248845,0.1551553428653563,0.4074889107627433,-3.8211550772855176,0.427962626552635,-1.421869960300984,-2.1696148609201726,4.132196101568068,-0.5789517573489231,0.15140739607201872,1.7230747176462498,-0.8335982829664064,0.11758862988720224,0.9985842379666174,0.039156735517761554,8.66766866087461,-0.3193657420326022,-8.731978932131442,3.8285665528856363,-0.1605596095017974,0.5770721838351396,-1.9227717720623363,-2.6976516345291275,-0.6798885397361863,-2.751901141628779,0.19856542756065187,-0.5552861026010363,-0.5030826005399249,-4.5400244706855455,-0.8963675478251808,-0.17802329006383844,-1.0424743713791742,1.639256516741752,-1.3653400753306455,-1.742257326306115,-0.7959703738504983,0.7414433528276687,0.1918895450216474,sci.med
-0.42483134752563845,-1.9029527764220726,-12.564550860478922,-1.6339229590592872,-2.296117893850422,-1.014682234661011,-0.3177608940173958,1.2841447110761741,5.021696143637813,0.8121538140894176,-1.4268265767813424,-0.8907488635522636,0.1165785120124638,-0.14734022662150623,0.5024996961292902,-1.6024966296518681,-5.795554290910803,6.314447487432141,14.034898810084686,-5.136173101329174,-3.754845104677882,2.492183998600687,-1.9655558914765052,-1.506534030190399,3.9681489603585822,0.9639254230555709,-1.6083817143630215,0.7226743872708234,-0.27512142825504665,5.9840705326712085,-0.8034519967714298,0.06933716171534797,-0.5871152706201476,-0.6513200536439627,1.0715159355810386,2.317548492984508,-3.977402786815353,0.24945094593007222,2.337530891609781,0.3992281929393271,comp.graphics
1.2090101989009971,-1.3237568790742464,-1.5780707624251231,0.5354587474096335,0.3157706132153829,-0.16423797719131605,1.2666612531984123,-0.7433519931381305,0.7681100960312413,-1.8111765192736031,2.505448905356894,1.0641707023410438,-0.9710620291077331,1.9837041354787512,-1.7798751082081674,-1.4673142259121983,3.646853953685034,-8.556224677942401,-5.13751059996485,5.17929944960954,3.746627120865301,0.5711412420380737,-0.9875229624269947,-0.5552730880131715,-3.2574049208164153,0.7571768211020226,1.2348125640521082,1.5694937908702191,-0.7234866224198,0.5585024581386322,1.4129523892028384,-0.4516410891769469,0.7413198169079143,-0.04887188860819225,-0.11315849445608397,-5.136691090961899,-1.7653065238618202,0.41709532442324604,-1.418736156334165,-0.9846336870179554,sci.med
0.5166444459359673,-3.3717221839877736,-2.0673939483620853,0.029430591677552183,2.9121918132247275,2.439365808980215,-0.19578527096858134,0.960803245657251,4.1757820770900205,-2.135672019612617,0.10720796204013365,-1.404816943927507,-1.0422715880472484,-0.017894977008350053,-0.9813259365174648,2.099826190076909,3.085408182698587,-14.761438421459266,1.05296975203163,6.884128598838989,-0.5164514518496967,1.3909723580014006,-0.5186667196212101,-0.33143137128150285,-4.041432615583635,-0.9764000486637974,3.1111572052546936,-0.6099512391974903,-1.3559703448599638,1.3466173826805976,0.6636310366326896,-0.3188463554947312,0.8532015450515544,4.297962935349789,0.5704211733607956,-2.6817298402698837,-2.45982421638044,-0.045254301964336476,0.478787600252656,-1.2331013050148552,comp.graphics
0.006548657804539276,1.9007449621042467,-2.703310444132678,0.5870575345945356,2.925613536112439,-1.548285686879379,0.12390681652107108,2.085459518316757,-3.2456356931798505,0.4078329065363825,1.5579054323183568,-0.8089638929258004,0.6149612320467747,0.48473464796892385,0.5424239695321018,-2.094779582299835,1.771447374681252,-4.70056815119876,-9.542218505927819,-2.1491883254408766,-2.9616777794962825,-0.23078615210272213,-0.2459953383557008,-1.489284264440218,-0.2655776058385404,-0.3017984933962528,1.408102693590148,2.959756319139637,-0.7969866688138775,1.9765458689268285,2.4701114307530085,0.9926281029794295,0.44670361080914417,-2.491293908594108,1.20357805453346,-3.0858898326396167,-2.3407291331111937,2.5303696686416894,0.9679179077333375,-0.22789255876583409,talk.politics
0.8102600443753338,2.530701206009101,6.0895311914575565,0.8601826383951566,2.809806231655304,0.15550437087430402,2.05419384125607,0.32824984727715445,-5.615063681568279,4.891919854232694,1.5268126635772652,0.725081044447508,0.14782073903652695,-1.0006293724832407,-1.1554517938176596,-2.736916377228588,1.0162252098761566,10.52123577414035,2.9483183931567067,-10.747861230038284,2.4588035449725893,-2.8500301093171823,-0.4588768450249969,-0.642776382899948,-1.7498849321057053,-0.8550954744092049,-1.6560450114875653,-1.4047539024849633,0.5445824007936281,2.1370581400657516,-5.805719131341029,1.9025582052295598,-1.0175847772133757,2.0558356169138134,-1.4162688593406074,-1.4191191515676134,-4.034386207085903,-1.2060223714081189,-1.3069195795084123,-0.8859707338977769,sci.med
-0.5550167015441094,1.5057496129034584,-8.51797409569957,-1.2541609869956039,-2.2845599171107214,6.11804871198575,1.5602555295309308,-0.2855351088692937,-2.2729943084945115,-5.145103834802976,-0.02243605198057349,2.091094272732477,-1.9516029128828867,1.9120054690526975,-1.4023692834238248,7.312298131765553,1.656690990852969,-10.522699319756944,10.217562597911279,-13.459975196348397,-4.208999777016927,0.32099756368602317,-0.2768893557688036,1.3094441014026479,2.55176303300423,1.1640601525859375,-3.0015238845308563,0.07715744044996642,1.0022361667029254,1.1301140181616438,-2.7900518057277965,-0.05795054176271757,-0.6717207892580773,-0.19607843617894427,-1.3154413070498456,-0.06855625809105392,-1.2147197020341427,1.3491790488887052,-5.8680122697792125,0.02443184017803416,rec.sport
0.8531653064131918,4.029304131936386,-11.359225752827284,-0.7823539225019935,1.0583472601654922,1.3381635742409128,-2.0323537642983847,-1.22090218716505,4.1739847701162605,-0.7850744225125397,0.8789639730706512,-0.009664421313347188,-1.321555786511051,1.7509259419271435,0.24748054764010466,2.441341087817678,-5.3161372858923945,3.1104230553795835,10.405339861317987,-2.0114152039579425,-0.2689950945208124,0.43235271420033994,-0.06727746491353453,-1.1310672355025877,-1.2238099686368746,-0.03151851332810415,-4.457881504619563,1.7810908579972362,-0.7171819007224715,4.190131160477433,1.4030492432140356,0.48060859334734735,-1.074661039432863,-1.202283044256608,0.021092747850587245,-0.13769491820486168,5.531165755815335,0.2573731064173494,5.182026580664678,-0.6308464029471887,rec.sport
1.4901375220998412,-1.9801516248895221,6.374872359525973,-1.5976197291684564,1.1144195005449788,3.601971736666659,-0.8965855406471915,0.7736293254055444,-2.1318158700102448,1.0109654689565741,-0.3357859389797497,1.542806773769682,0.5734474933553989,-0.10210305889143893,2.05451488940476,2.993907625156426,2.1624406209365485,-8.137906038234838,3.5650932966973996,-4.591866609022167,-1.0928586544551384,0.45635597313269627,0.9229775651404308,0.7248293734858318,-4.851914567397393,0.03755307666056291,3.0034455895706054,2.4423578189713933,-0.367074646018183,2.3552438151904447,-2.533735013692742,-1.1546343387288442,-0.520630606562299,-0.5325529663524897,1.4916738588018077,-4.065433216371096,-3.417038532947842,0.4006416383398367,1.0411158129250977,-0.7880762539036712,talk.politics
0.9907108466240852,-3.816905970476947,-1.4703971479391857,1.8480401917708498,-3.0931690169511756,2.0309424061557007,0.06589160860223994,0.11080364262961595,-2.4014530002490257,-0.10202817244101903,-0.4037034339979068,0.7271712595339491,1.6651423825437814,-0.4326595133965921,-0.1210210310095643,5.993475871562662,-1.414278279183138,-4.7138083177110675,7.215318940846145,-15.726839080654187,-2.8811243966383513,1.2428268933268276,0.17557408492582183,1.3227032199889794,1.6505914967264916,0.3924560184705202,-4.758864147235199,6.126329162106021,0.7271679888921005,1.6596314261389542,-1.4718153370369367,0.829149035059542,-1.0247507500763902,2.2675911622209677,-0.26776551872484483,0.7809105279117741,-2.0656667512389264,-0.9261632634832083,0.02047930151489541,-1.2094353289590587,talk.politics
-0.4751252784446032,0.029482145002774907,3.476993897343572,0.6369080790029854,-2.395183103534709,-3.6398133659895384,-0.11965890247315014,2.3544671880000116,-1.6192274146965526,1.6057164640880084,0.7152365838912327,0.6399029571520845,1.5142807357204837,-0.723168438829393,-0.5329937194259537,1.5651605400313477,3.040902666106174,-0.6917654017211803,-3.332805434050687,3.2440256717064475,-0.9335538918389803,1.027151035893151,0.1699745397492694,-0.031261414154246076,-2.8006275044693907,0.36660624701380495,0.8391179156173653,0.5765115894736528,0.8083595496657083,1.7247482515970731,-1.7874752391736588,-0.3933511248228728,0.701823040543344,0.1356666393403101,-0.21800563112112403,3.6293574214760698,1.6956069672593206,-0.7957176635206115,-3.980070161495715,1.7464906315946216,talk.politics
-0.918019061638965,1.2068234547019572,-5.459049888625007,-0.1585376924164567,-1.7285636700631872,2.1728687819227632,1.8921917608330678,0.7456941093289385,1.0553890499150698,0.0715915275423431,0.14342656685749322,-1.5646221273358043,-0.8837191406910628,0.5907443355103258,0.0923767916399243,2.24944320013687,-1.6462756966604677,-3.9281312125510404,12.152159641256722,-1.8892697514867216,-3.4590951347346897,-1.4776124069194447,0.7245917787231225,-0.8707277716437414,-6.171152237429449,-0.22011373125482853,-4.006987580708705,-1.1233813946094617,0.2576008573981294,-0.6617375785975408,-3.318189506614897,0.8715243860879341,0.4484854541964401,3.458988406318933,-0.773029709602703,-1.7261379149721863,1.0114283991721822,0.06364906149651771,0.37057266378399967,-0.3717790115234884,comp.graphics
2.171802667396602,-0.41227813184766526,6.084042307692571,0.9537602558113537,-1.1602266028638168,0.5330723255903602,1.847866995702103,-0.8268758714958706,1.0830448120915366,-1.1437833432774152,-1.1889411180533487,-0.8193868304987907,1.1905296437176767,-2.3910785652839595,-0.922351329061918,-1.6840530570682517,5.572759686717157,-2.452499058509292,1.323358359917874,6.853942495890182,-2.918363681544362,0.2075422948887419,1.029604361419693,-0.4046958568633263,-2.8060833955219984,-1.0198013336945937,1.9988770570076606,2.607269504864599,-1.3467856621154346,4.03305069144159,-0.5604642165245283,0.44176064964947936,1.9824704501689276,-2.929388350154035,-0.20068521837532977,-0.7133116357703598,1.3945146244635291,0.9792597442869628,1.521412179701169,-0.24965553821891934,talk.politics
0.6979740301300975,1.3945554188314804,6.429112068079885,0.029190503935567446,-7.236181406306347,0.9367437437485717,0.697586970339199,1.9319625773567977,0.7594733607062586,6.901629451786976,0.4573242810867655,-0.684491730612797,-0.8360916702196265,0.6264346724539442,-1.2325403112202802,-1.7895346789519493,-4.5022338849024885,18.30544207334596,9.476638411358094,-0.025652215136381523,-3.9087195167724973,1.8884369396142566,0.452067838259671,-1.3028447635247453,0.4531996341928721,-0.0799084526625497,1.8176772560918315,-5.319744810332919,-0.16424198503203188,-0.22678794496753807,-1.7836829711049078,2.098221474546747,-0.3559740843858328,-0.4140409823226807,0.3080099022173409,4.0180227703157065,0.07295244212788288,0.2050753392346299,1.8920680505372065,-1.6233825299412434,comp.graphics
-0.8144028209931906,3.35154476153639,-2.0387503561873204,0.5709456946038727,-1.8811957920131113,-3.324476109210724,-2.191978656279881,-2.0118884095385843,-1.340507708574433,1.538419486152233,1.2205506039312326,0.9944145282075845,-1.4222345015068736,0.014287211883989065,0.5704860860796908,-2.9764051997912553,1.3552638159632062,3.5152926151672137,-12.97733088226069,3.073367595041609,-0.6732721328532002,-0.08317177193461948,0.6055136511241652,0.014108356253124855,1.3657344509151736,0.9109444038394753,3.1997451403553887,-3.457850580007852,1.3773350295283417,-2.3501614712809467,1.4868457220266393,2.0135542946486997,0.06440752243194205,-0.8656261582945024,0.681634223668389,-4.570648943241849,1.5454471700854227,1.6129781705930544,-1.0056088257223474,0.729236949310753,talk.politics
-1.465673857342095,-1.138935802008518,-5.736171572651341,0.02041716721291813,-4.199283397873063,-0.5794355853817683,0.5793467597567757,5.420406990467387,5.466092018798768,2.824824591211173,-0.3838747413307828,0.366746407892257,1.4120268785432495,-0.14487856194788684,-1.7690503037393988,-2.2399160222132872,-0.5498365989229929,1.0098562930849673,-0.014857729389681133,4.479370342247194,-5.50775822618678,-0.5740825770872696,0.3383574419359596,0.09893378702888371,2.528361467677155,0.043040870850387644,2.0010147684770554,-0.40521982205532525,-0.2811254848880863,3.096456145436452,1.8022636480725305,0.20228040762121913,-0.9925780067288229,-1.582068291402546,-0.6281437391691783,1.3276502916220454,-2.5425393148027204,1.022841471550764,0.2952314502685601,-0.19044618592921678,comp.graphics
1.3098651694335341,2.4367216295333396,-3.4169219011471643,0.1934485749917961,1.88813894509367,0.9627346739683138,-0.47783985070379115,2.7760672850345753,0.9303117149597118,0.53845167676731,0.5923295470133433,-0.18455144218594516,-0.04460653218300141,1.7531948020655854,-0.07434532975852426,0.6564909399787195,-0.37924620455383773,0.7485620630551479,1.2307144195215614,-0.929586962284652,-3.4088550090374357,-0.43578972962363594,0.023080658950420673,-1.934087745459577,1.047462674767439,-0.36515261319821335,-1.5980672104868507,0.4275640787434891,-0.8414495141290085,3.192786331926473,1.192195790863851,0.09931381495134962,0.624903594654043,-2.5549528318009616,1.342180131244854,0.2771441657518736,3.49403442023788,-0.8404929855066914,3.0344811087299286,0.6872384503952884,rec.sport
0.18745938208891083,-0.6873636907241506,4.11779010808206,1.0156278839944708,1.3631460905075328,1.791737461066578,0.9714123576723597,-2.212508555368048,-1.8502434125477398,-0.1711012782029797,-0.3751089949435645,0.7798286407550497,-1.2952586206671208,-0.6560972360056414,0.05245738688944395,0.16450204424399373,0.5517962861004955,-0.9011087262110866,8.064717438905593,-1.8377804308764676,0.9512025515777178,0.16333468067753845,-0.06433764737916652,0.5789098180691342,-4.163272992319625,1.2692556718986205,1.1427794731390655,0.7560306335464302,1.4617170162571183,3.0174493355277736,-3.363816623677512,1.568518985472554,-0.4551717839537639,-0.214303124865308,-1.18755316677504,-2.3461810316460507,-0.9766594293066986,-0.49731714635766955,0.4691973225863084,0.2940820387932141,talk.politics
0.9080226625361912,3.392736038836344,-3.5162461927359994,1.6389605275998331,2.1241592862721195,-3.294259349523008,0.22063080430716323,0.17042992491075015,-3.2673553633505836,-1.6409852887562673,0.32699451327009765,2.209855665748464,-0.35208774745388094,-0.9289264824607304,-0.7074395448121878,-3.5212507565251334,-2.004918210953072,2.2687417089628386,-4.470439475934447,-7.171429356185846,0.2983291629349687,0.23817130613962828,1.209230647223938,0.5805676870356148,-0.7427135303278309,-0.5041286736516637,-2.8482939621058327,4.79484783221167,-0.8407718898986251,-0.7256811500522936,-0.8747179868498036,-0.8351245039722351,-0.024286495670025846,-1.514196919822836,0.32475823953354177,-3.056228838360176,-0.060209597441088114,-0.07285768884105508,2.7655844474922198,1.889278795503996,sci.med
-1.4409816345249187,0.460674065718893,10.503960291278629,-0.22159969438503932,-1.1419139418167983,2.2871992029569475,-1.1909165059737268,0.8379633351170166,-0.5509658000078319,2.38477071394854,-1.9473424741408143,1.127686294516429,0.678728069279419,1.4488201083377155,0.9588163064676725,-0.3745556577878344,-1.0599744674276552,7.0087024713520005,4.096627743565092,1.882312002912571,-1.479295207171106,0.5055578532150077,-0.34677157676671216,-1.1340201859349581,-0.9030359509498647,-0.3150819279089234,1.0865970776214118,-2.0596132510013336,0.43623570480105506,-1.9488847461989265,-1.9987195791529508,0.9784578056665502,-0.5857927234486902,1.2021111997851326,-0.9291363405097582,3.4340256238628415,1.773219247444205,-0.2414305647249931,0.7674180666715305,1.466782556898976,comp.graphics
-1.671169772494065,-2.7040492297301775,3.811496025696598,-0.3652409774898465,1.9064262496433193,-1.8246667156995617,-1.2324312391640002,0.580297124846643,-1.0018481577300997,-1.880144796537696,-0.49195690486948307,0.4689780781484677,0.9524619705361694,1.315508290940104,2.0358735351817927,4.179032482430502,0.9181647186720994,-0.11352852833801826,6.830265731888483,-7.066563888408763,1.4056510350308062,-1.0556394897985963,1.2239487531460047,1.669922781404639,-0.802577565847755,0.21049629892150362,5.107550896671468,-2.433020153676315,-0.35368575956700604,3.5084238354184487,-4.589009332704254,1.3280568889869675,-0.19762046779596562,1.6083137008157595,1.689188933651679,1.2807076498880958,-3.39740698349211,-0.16041938197534772,2.9203272998829353,2.5009004979342815,comp.graphics
0.9558027451124809,-4.866679275094429,5.829184420500479,0.04382879946042826,0.2312175915832022,-0.5390793694407894,1.8686032191630024,4.873243632966569,-2.04863799752703,4.616938626320908,-0.016568409822520076,-0.04592882874016064,0.0348075404998322,1.1718101432738448,-0.4842583519308302,3.361052429572327,1.3334763776248202,0.7313065106513847,5.892067304919155,-5.58803123944169,-0.7143110307068281,0.3019609001717647,1.0899049590908303,-1.1471595110117114,-0.6649632738690223,1.4980976334877842,3.5100862432128004,-2.6350446013156237,-0.547407522766873,5.50191468319932,-3.6587112487947175,0.6833245115160919,-0.5711839740841865,-0.28963204494163275,-0.8021994080351792,1.37284094831808,-3.9939288089887857,-0.816154989028044,-0.2795365469967592,-1.455054605090552,comp.graphics
2.1857306167225743,0.8744799340196509,3.5835174326690398,-0.43263751633352826,0.4870551771906233,1.5044559464763794,-1.6522426773534897,-2.283010876895362,-0.04285321526947894,-4.143975098564146,0.006381540963314977,0.7351321130540912,0.9669566453448166,-0.5066348337879193,-0.24657105425957435,-3.7047374590320636,0.8591320746629642,-0.7547548102719602,-5.5294755176556185,3.7509716438717096,3.949131031654421,-0.22072875695836655,0.9210258397309934,0.4494335159472622,1.1102250508051001,0.23987275228472507,1.4702325813972872,4.00348133615351,-1.3326784410252037,-1.3641978652245137,3.4381049539415756,-1.8482585300784151,-0.47971889676613605,1.0884192531070445,0.5446245744993387,1.2572144441771334,-1.9543055175758481,1.4854773692725496,-0.7470002825140019,-2.0474371857707503,sci.med
-0.9310017116324415,1.3605337327529858,-12.385758268648155,0.7297729370341954,2.3130906102588344,-1.3426205263848912,1.1870776787417554,-1.3902309150731236,3.8318676679950263,-1.378029726120552,-2.0653027750406103,0.6868579110122561,-0.9647897376296856,-0.4836586374375685,0.04303097332128144,5.693775943592366,-5.133984820958813,-8.205910196219486,-0.2769097289479942,-6.996060190102205,-3.050023685993083,1.3746112675765545,0.31444459087485255,-0.7243025342076668,0.9213887453477769,-0.24672442411444054,-0.7344538032689703,4.2994372536117424,0.3596808476863211,-0.8641328280517724,-1.6223989557762464,2.1216313073302033,-0.35895838517941375,-1.3652453983098993,-0.4146305088140306,-1.184567659804527,0.28090299868599466,-0.16841971202888115,0.9477590324931924,0.6036457389607386,rec.sport
1.399486426972343,-1.6556350809589666,1.4290214690076821,0.9760407193559466,0.6474886077005952,2.4798416789207267,0.31996519114516303,1.3389725274876445,1.2383245071208766,2.036336735668737,-1.0363092473737703,-0.27751361886023346,-1.4069434005131694,-0.8506132529519478,-0.6286543050745702,1.0015108520833085,-2.4232538101997383,9.109858907915026,15.3347586243046,-8.448581380493296,1.8279111173469136,-1.349773069381231,1.704592093297377,0.11088638282841785,0.5394891248937412,-0.5410068657828994,-0.2641723599962673,-3.894396650210383,1.7681692930597834,2.001932472206819,-2.7855445577978593,-0.20346114108030489,-1.1081124582588693,3.4738301938749876,-0.44184892724082386,3.4853229341009655,-7.030434813673834,0.7556658387443146,3.5440141468746758,-0.2218882712922687,comp.graphics
-1.314878664404412,1.6872446131958856,1.324288631591135,-0.4351387479620344,-0.10179205415092052,-1.6774811365033002,0.383455014854216,0.12535516727852491,-0.6654161324277365,0.3256845032294474,-0.8358702556183059,-0.47539224221454224,-0.9910911353316136,0.7819425354519183,0.21907156253766866,-1.5203732589700245,5.0540824735249,2.1333122594748763,-4.51492217946363,-0.6464563339155684,-0.9718219756076384,-0.2996934959328892,-0.8065198324565613,-1.6755804496240945,-0.5562066369543386,-0.06541023359539401,0.8953300528621853,-0.8541403243933379,-0.7634653033091117,3.454194001702679,-0.4860975906912649,-1.0958708107987174,1.6772005099660963,-0.3470400692694462,1.3297943652050759,-4.262398256688706,1.9421443953158726,-0.013503244592976752,3.3570108413759066,-1.106732987729451,talk.politics
0.5430322792896524,-4.804169852014813,5.217136115732804,-0.4998724304108518,-0.663543702133458,-1.4553816683552934,0.5327832093226242,2.021808675468913,-0.14550056610034523,4.141250366026929,0.4096853437465497,-0.19609321067693788,-0.8055266825105205,-0.8385006163839522,-0.23389780045359396,1.1095672545045494,7.699411557973473,-13.777902888072388,-7.810766833279062,9.776991940694604,2.918450620688235,-0.70128957079155,0.9943515198154235,1.542276627661302,-9.090959331266895,-0.7424867777695996,0.4489150816803211,2.092580125305368,-0.8758148246462933,0.612324396593392,0.04367357025712715,-0.5969935884209324,0.9022713999434526,3.72462291615434,-0.2151138001704899,-2.712937156379483,-3.653126622380241,-0.2145376645179636,-5.517860857015909,-3.601085104459518,sci.med
1.021624764399948,4.7754185734378405,-8.67580428674653,-1.0633544998303186,3.6593534916519106,-3.9316410799168082,0.7762285047241061,-0.6264225038337587,2.1425461242365564,0.6867042916029655,-0.9096897884083344,-1.0500547898231862,-0.483933444951233,1.7649138055507714,-1.0559898119268434,2.728536287192171,-3.478231425850831,-2.371761128520143,-8.825285716785368,-2.997935172194039,-1.4799277971386697,-1.7806256729074892,-0.4580251830145565,-0.2544760766453415,-0.47540918437266044,2.7922088679099613,-2.792226321038975,5.054720120278301,1.5027343263055881,-3.2978726732085146,1.0505306421843494,0.7595000375161222,0.4753349254274913,-2.9726506491359226,1.2371808002890092,0.5392432283259176,1.4403400318747925,0.09116814666643917,2.6867933996850875,0.7882041407971867,rec.sport
0.6230873478890951,-3.924364088596895,1.2591356691902882,1.6533096371785305,1.3566301498347098,1.68540804411188,0.9757133776692501,1.8115528143570911,4.133683428230736,-0.9275337906214662,-0.9984408528767182,0.48630999335022157,0.000755507454595548,1.368079350488601,0.23985774584929662,2.1479281806735386,1.0326271276076142,-6.207974400014388,4.771535233022222,9.557846888680894,-1.6276042034875935,0.33795555414502526,0.4469817170098519,-2.1537305737914614,-0.8136842595853795,0.125901388394959,4.139059028929302,-2.469641354824457,-0.5922408448128146,3.776613591370789,1.9237170324203692,1.6232566905280539,-0.6385858251450302,2.044289102527201,0.685857818608419,2.875495593645378,0.9614825385260952,0.851124098380238,1.237135616595169,1.2238559185425932,comp.graphics
0.5991033318635947,1.2142492376946603,7.147433671751867,-0.1683004231716427,-2.099936345272847,0.14208960842337803,-1.181981996068219,-0.056436298059314716,0.06178900399891374,3.96223829934171,-0.8497209214776963,0.8091127907313788,0.9959736788464457,-0.2728445463401307,-1.2077593925433523,5.012365825337587,2.081699805141561,6.0378146976055405,-1.0252160215873205,-6.862852050221311,2.012234435157284,-1.5065252580391153,-0.3807634038618044,0.12417568474461345,-1.7807564008460066,0.9701750825678591,4.630094635074434,-2.4024886651798782,-1.0042905634942532,1.7311083422747289,-1.8239142314974879,-0.48298392607284074,-1.269465266012813,4.572516179420446,-0.6982618487513923,0.8856775768379308,-3.0311000895441556,-1.0984092179625526,2.8101987560813546,-0.6191229482499316,comp.graphics
-1.7047859057901145,-2.542772370276543,4.329320200223467,-0.4290372480926655,-0.6882698432772874,-2.6492360095348726,-0.6110011240896291,1.4723864544963416,-4.639614228701078,1.4855567730490895,-0.5159809893490795,-0.4799681461487265,0.7963400197488324,0.24409844350238658,-0.24795420732788961,-1.1455913735410317,-0.7764090935495471,-3.1901761580053702,-12.979047382095057,2.8055523859392792,-3.0394194800614702,-0.19308207400661265,0.24889396913325643,-0.1771681151147619,1.4777663441037563,0.2739110868471789,2.5106029728440964,-2.723749349925381,1.050319552276355,-6.419783517265971,2.789729502764308,0.41687306259004037,-0.39115637225284255,4.279014532495027,-0.0016217169633801235,0.3839212606011182,0.011769154662665038,-1.5231724641738478,-2.3197558472891293,-0.531411401138425,talk.politics
-0.7907709190853537,3.3975554111024326,-4.652641042052248,-0.07310730200893852,3.5113205129717784,2.41499141426438,-2.3789960407532242,0.5875736093596097,-2.3591923077266435,-0.06986897394681679,-1.485186162699932,-0.4033797459686826,0.6700496718155238,0.2172079375284009,1.0159372235635562,2.78441698127667,0.16747230297570126,-7.298492863491105,-6.552513945647695,-3.037120097763571,-0.6097530541729874,1.782905600065144,0.17648418366295282,-1.5858456403858474,0.10465814586396283,-0.4647672239117277,-1.116425553229698,1.3031509885605235,-0.24734038702515676,0.8535270896703635,1.8644775420055335,-2.049474485669681,0.4512260161360988,-0.4748659525998744,0.9853997114500495,-2.760291473909364,3.1812384101662143,-1.1772264174512104,-2.449003839152655,0.4685401615460691,rec.sport
0.5571376184034819,2.6523749802187577,-11.84585650853118,-0.8679224627511536,4.270829451326851,-5.585074957115736,-1.9645360381029247,0.6062163139450977,0.10541964479733879,2.8571205611389514,-1.4955415364982039,-0.5974788580244034,-1.4811457246217157,0.44166256418606065,0.7492825568794513,-1.6815696253400547,-3.103927231348072,1.2651680539015997,-8.470937852293899,2.780597931426219,-0.4577939532244636,-1.4239581121976068,1.992036635959309,-0.5436068960930526,0.37326279834888143,-1.4337300248102285,-4.919588105585617,2.353160966281899,0.17852916972047786,-0.1382093793367012,5.726570772144345,-0.012298449308057612,1.8338965460243755,-1.3173348539822491,-0.0023689161328080566,2.554532527008587,0.2517322400660865,-0.8374057253154913,1.1500528988089347,-2.106889114626081,rec.sport
0.642301235011176,-0.30995838938866616,6.234405624568643,0.5374120028203807,0.35796342217933486,2.8138440965574008,-0.2165231975361736,0.5180722014405079,1.226060729956378,6.235870926423384,-0.5696989629257314,1.006606541032628,-0.9392415406820068,-0.2217814037161355,-1.6942558959950778,2.979393043146124,0.9714377664401048,4.4495062329130395,-1.0339151170407082,-1.7949011097093515,1.8568090011202358,-0.7559507066919204,-0.6049067639281748,0.9289320135322151,-1.0129992650682191,0.9693693024080543,0.4079293255534078,-2.2031282237091236,0.3604416762927729,1.5095600536362153,0.34731013663494004,-0.3578279334412669,0.4977883094177774,5.2653452095573465,1.3325514676651278,-0.25204863330694294,0.35350992947380555,-0.6314025555665582,1.8876684937276647,0.05252636821531626,comp.graphics
1.3655264625262657,2.585777810553956,-3.3228323290195974,0.3813528345802849,0.0472281249826787,1.1631982232458327,-1.3077765651476607,2.1649212307664194,2.0041196903889547,-2.822231086901197,-0.10986412310193568,0.5740419308840301,-0.3451040968191901,-0.31608296112297335,-0.6301428301423468,0.1320720405389335,0.6987631238646572,-2.836758952690234,-2.967498791056404,-0.6941919312621185,1.9039967385552228,1.2827949688389804,1.388664520102482,-1.8357687561770901,2.222092372029065,0.3143386831314305,2.4656588860123945,0.047290324752667035,0.0780074184788575,1.8307512727790771,-2.7619729060271334,-0.1840868670159194,0.14237791251046628,-1.2627806153368597,0.044062567406599355,-1.3029060326833137,1.6277361997762236,0.43915013370041756,-4.667764694890394,0.8331794312701818,rec.sport
-0.1417575540275386,-3.0963475137934253,1.675678214452321,-0.22710600778092602,-0.4101703575949853,2.311011995179445,0.16540366029970424,-0.17199318542065845,0.6780354236202845,-2.2006284384226484,0.6376058122312086,0.7285186435145362,-1.3820175686924376,-0.12854629325195685,0.13556341641470915,3.0640184531755787,3.1819979018163167,-0.10612440183600615,8.541821747615176,-4.493749877358703,1.5973612473132495,0.7031425422200039,-1.0512200297825027,0.8417807747840127,0.853531125598803,-0.6516751221564157,1.8305965033595686,-4.395839528455254,0.5332073178993125,1.3123162837575129,0.6232622014002533,0.2587698052439216,-2.5317693162508137,8.264145740582093,-0.4836171395554367,4.6620722011154125,-7.837571119839317,-2.1943824698200243,1.4685745032499224,1.5994709401137894,sci.med
0.18198988262279764,-2.6949478314036126,16.114871644840214,-0.4377373224043246,-3.4157375367366454,3.472189019881532,-0.3656770825305199,1.278550017418739,1.3296426012780413,2.4192393318035004,-1.8037504840924963,-0.09830984745437601,0.504270748038384,0.11683017417218379,0.4394860480085117,2.4839572447067213,-2.941101723615213,4.619797720410913,11.50339778515664,3.940778426450369,-1.550279223395924,0.33011379047094364,-0.08225369967145317,1.3369690735559603,-4.236328534477577,-1.2855910007560276,6.337208957804504,-0.9487392087203403,-0.8140106692915557,1.4973693006363857,-4.682483742087152,0.3314708963308953,0.3064508629633407,1.3090597723683475,0.521449399059529,3.5748862231404717,2.7709296565895283,0.8800659629573423,1.6989008618729589,-1.4338058239284144,comp.graphics
0.8985117045515645,2.7765778089062465,-16.06861721289353,-0.6181604486836274,-0.6624966551993423,-2.5251149728514415,0.032143146964560894,-3.38933499461597,4.066980974763703,-2.0890408103509004,1.9333597477143571,1.846395920599248,-1.7257711248125733,0.09205513731199198,-0.8258327732380476,1.5805799432251153,-7.27167732053939,0.5324604814470577,3.0496524743618134,-1.3372612303716602,1.697558051792398,-1.1204179189363892,0.15140739062477757,1.693547133413672,1.2254786375094313,0.4762403533876659,-3.2049835450122686,4.110039368986383,-0.754866196571921,0.168417162873725,2.583385860938764,0.25675079866178757,-0.2926854589752769,-1.4724891276240775,0.02233923931860801,2.508144795787821,0.342512679230756,2.5299277492519523,-0.5506060243115499,-0.993593003931448,rec.sport
0.43102295801089313,5.349053612429807,-4.039617012074495,-0.2880627983512786,0.9039571801924855,-3.6603323295752013,1.277856655030514,-0.5824855655702499,-2.5214797801015827,1.531878932951294,-0.3773865174622099,-0.05585218265281086,0.5704873308635735,1.6529130512304218,-0.11356256479045149,-0.5595231558860856,0.14997491405054242,7.7050270499913545,-0.21992776606474224,-9.530747444714933,1.6348057361033679,-0.17237495745366196,-0.3128364730515222,1.4980117703044276,-2.7301240651786545,2.0777775851984446,-3.720433313117679,1.4108493115049803,0.7147317275176998,0.7439816260149348,-2.3025803054083163,1.3448540311806945,1.030919338366907,-0.18951158098638743,0.10172320847176979,-1.2649137355102762,-1.826550984791802,-0.03302526371956056,2.8959127248781553,-0.5036502603755963,sci.med
0.13259767202610107,-0.27770864661098604,-3.019727721284475,0.20786050106708062,-0.4637633866173696,-3.7957216344291203,1.8690665036782608,3.6370642425191013,-1.2722845676591779,1.258119715437206,0.29593324034609525,-1.814883829481406,-0.7542981326071427,0.43521152828960236,-1.6032168466140961,-0.3639330104989382,1.0265986074369664,-1.895113305468526,-1.236976274434425,-1.5521787721045173,-3.406616221820464,-0.49945119288521345,-0.15046814149498222,-2.0017401674762616,-0.9573538307316659,-0.741498249912725,0.4550902120659892,2.3019034978661383,0.669085210267524,4.171032370250001,-1.8115672335566293,0.135428834719957,-0.6631645901261828,-2.7852329452845286,-1.6651252963040444,0.6017082439284076,-0.9097755212852988,-0.34375651951011005,-1.537673333903936,0.12146106419954589,talk.politics
-1.349605255711928,2.279151529111303,6.332794871418325,-0.7051105201659605,1.4476665925625296,-1.6365138271988293,1.6158724901223136,-3.907965869345875,-1.7618879390361697,2.185842699027827,3.377382919082646,-0.3998267342865265,-0.9648933001863843,-2.044629003801268,0.01999548620641927,-1.7888859823086134,2.7137206507049987,5.3818066275295084,-6.691989544785543,-1.2908464920073737,-2.260737884726958,0.9140771642240336,-0.17387382031458634,-0.010352289907736689,0.7039782474482579,-0.5789842199399048,0.2058270185370885,2.5563008183112546,-0.9870461789363153,-1.2869963019207724,-0.12269476024506143,0.676507476439975,1.3385921382956067,-1.145562927845809,0.21282439866996872,1.1186478408175782,-1.6637131990694116,1.056101251669989,1.864300575970359,0.7882916566360036,sci.med
-0.09731115070159116,-2.347632083977204,-1.1079837724465382,2.004423303675171,-0.8879232013989753,-0.2775924766894662,-1.2270140772885358,2.835038170460873,-7.032918876888986,-3.258644339353335,-0.0682025303326691,-0.6920651986646917,-0.6799058967468314,1.0270604268730175,-0.2981525261999003,2.804861847752702,3.0637314115581455,-14.0906033611295,-8.60341875725324,-4.525840767530456,-3.7765207417933233,0.18217062771210168,-0.863189712166828,2.4015836610303523,-0.5256388212775084,-0.6478722896465213,-1.5813535542716817,2.105261637189431,0.8918776345702746,-3.8869311216539817,5.006262940596376,-1.406719432559558,2.040133885996919,1.7713643852491452,0.18496258734208662,-0.7115487699614464,-2.3151279648007836,0.3624498815945265,-1.1815080146352908,-0.5098939528656328,talk.politics
-0.6902762332372047,-1.6322019878126253,5.350138183427341,-1.744532888606054,-4.3584443727890525,-1.439701587290058,-0.19334094967962276,2.0092621144436875,2.501237992830313,3.529975986862273,-1.4822314236773086,-0.1149509314918426,0.8967973320332352,0.40329960416682403,-0.18354032201646558,-1.804104423178673,3.3820265640314577,4.105134468595791,-5.6142523001234075,1.9879242208062566,-4.016388735540634,1.2782809474594865,-0.0709053625273688,-1.1286345143792071,1.158832250052855,-1.825657995664608,2.599950337652408,-1.7699224085752048,-0.06084952000292773,0.16548082046574497,-0.5601367444822841,1.1516655830474756,-0.33516697322638483,1.2718682287474785,0.42232479744987467,-2.911758481439462,0.5908347189543239,-0.30152629576934714,3.794610172213625,-1.4844390681934263,talk.politics
0.8264223241917663,-0.7747284859029099,-5.734627483229963,-0.09872089445567296,-2.7824760456331514,-1.7458073381308274,0.30703923725182186,1.0928882560924964,-0.10702131651995961,1.2933093430776224,-0.6783346293354934,1.6666632592275232,-0.05123583553219154,-0.3910246668655764,-0.22535148504419977,0.0053744578875720705,-3.019094987609564,-2.5309358189988047,-3.0573503210668522,-3.908953317260772,0.7382720807621206,0.8174671266983724,-0.3072462256617315,-0.22327158843330958,-2.7602475660468873,1.4794817618608729,4.2542518076308165,0.04180279508479878,-0.9134585796322228,0.9578998096598641,1.6603518640708301,-0.6141435312471847,1.3690945827628513,4.843284864526506,0.6255845936750005,-4.524727490909756,-5.209108684671488,-0.6590238266596705,1.6602355371270148,1.3286464115446437,talk.politics
-2.162032299927439,-0.8572197704435156,4.742984105526305,-0.7504101277546562,6.308855758948885,-0.30280250620466576,-1.101286489839828,-0.5824153749512935,1.3606971205454672,-0.7530187285156895,0.9886087934991747,-1.1047746736415167,0.7321512260547355,-0.7865720915578501,0.4583890099570684,-4.692813663184429,1.163429202143832,-3.374545089783657,-3.604425768648611,2.6507490110087715,1.6399869758595553,-0.8857137997996899,-0.8644267053357196,0.023385214658507663,-1.9842724672721603,0.3323723332239848,-1.2032598889979738,4.490513303447064,-0.6248346184344824,-1.408299144275549,-3.3561447452288435,-0.38113769667341885,1.5895230361038624,-2.8510835002581714,1.0073043574732625,-5.1614197095459655,0.42842744278628997,-1.7555055887046276,2.822634304914708,0.4539052294413472,sci.med
-0.8203284611324674,0.19904936762019432,0.8063147241700714,-0.8796436755512407,-4.9864163231594265,-8.126882774506505,-0.4238335382064832,0.25830631544650084,-0.06952296793087509,-1.0762060408204557,-0.1528549918142255,0.28203621046222055,-0.7656111570301878,-1.0575146702934315,-0.2230256812664022,-5.835357288588507,4.246343313196592,6.04017585153628,-6.333358706232665,11.285896379063786,-5.67903307603328,-0.976620315863556,0.5647762643141505,-1.5377078085300024,-0.13947916016832185,0.6233423006748285,1.9498602758613808,-3.16938269739049,0.1602688574175767,-0.6483517517305442,1.35196282158447,0.4335624601918793,0.6844861335529961,2.3556655067501775,0.7341063358072487,4.067185263634209,1.3680292526658715,-0.11657134645332866,0.6847904823908648,0.21416894113174983,talk.politics
0.0105457117410256,4.6403176561961095,-2.772502492792714,-0.23227350279947281,0.7033894971122708,-2.819290129118936,-1.756868699401502,-0.9952862608636878,-3.7317654948282817,-1.108742193489148,0.41870457829236835,-1.18023173420037,-1.2689825772544985,-0.038323835697372494,1.1402505526712048,-1.739937207552531,-1.0585990506039458,4.512999972954628,4.133765070593512,-5.927116237277391,2.0086840697301573,-0.963396341198569,-1.0141642181269683,-0.15974849799158664,-5.1536674725742815,0.8187659708488161,0.25128949242768917,0.8187709293719698,-1.9320651585199595,3.9385409872883903,-4.355159024289108,-0.013973228476073308,0.3389758936682615,-1.1503067725792657,-0.8888596980356747,-4.245042843838965,1.2950166426329683,1.1067745186243287,1.3391997103614308,0.41478446207924113,sci.med
1.4137696482912587,-2.9603679682678345,-2.800986040794157,1.4239538455411669,-1.8311019754569386,-0.7534036229338146,-2.161303886302362,1.9465482436193446,0.1873911587249173,2.2480924697641704,1.110911144734433,0.13931963072955983,0.48253370982118504,0.609238830889753,-0.029172699226560628,5.580859689347556,1.1178088843431715,-4.200711133584353,-1.4498246357044222,-12.13924325886965,-1.646356326103066,-1.0071949875269783,-0.3950468521695675,0.7475461257864594,2.025514895069084,-0.33186486182197916,-3.012859180365224,0.23548957574424567,0.16823054118369438,-2.3581895516969373,-2.962851235970391,-1.5008020152621748,0.3090468350240348,4.467408407347492,0.6603430545626816,-0.5607752764649846,-3.6777587490342896,0.32478159411011454,-1.1075469230711135,0.47993974114827864,talk.politics
1.3491351051134295,1.3481219615424616,-3.800281774103133,0.794923113875559,1.6966671465485779,2.331155843222213,-0.43145564455988483,3.0016283101829804,1.1492073532210627,-6.598179874147257,0.011862679180784205,0.4705098473785568,-2.1200872151201744,1.2608495199993097,1.0581700938241017,3.799028483674098,1.4774189591677682,-10.384254622942885,-1.5983892993686741,-0.6511858299930675,-2.440930171443453,-0.528998414203127,0.6098800471904189,-0.31093751635109385,3.238160052679972,0.6166639764711183,1.4328000338391609,0.21224037617703617,-1.0757366484416113,-0.08576516031693826,-0.04941688201640826,-0.9807880084135592,-0.03992646337336377,-0.33832442974157884,-0.7360636534685142,2.4396216224715905,2.745393942705236,0.08797354712916895,-2.610865333100451,-0.44027463685080354,rec.sport
0.7070323596107849,-4.4512193546487255,-0.6887909834505411,-0.7825985974185891,2.562677638957675,3.3827514470016844,-0.8108939362002497,4.2416305418548435,2.4657118182442828,-0.5360209824217463,-0.3397590076475238,-1.0079116954282061,0.36681404328544226,-0.9399678291500665,2.084712921231016,0.12013831347782467,3.872948632159778,-10.242100496241706,9.037182900100932,4.217067407341286,-5.65646988982921,0.3278110735741233,0.15140304795173262,0.8648244384910113,-0.4448162205410583,0.4766510408005575,0.10430690784784202,-1.0777328085388795,0.9524781569528054,3.132899211118904,-1.6438166051468146,0.23160747416809183,0.2984518139814398,-2.0345117152181595,-0.7404901063321585,1.3714768424276451,-4.298760601047725,1.7159076311326944,-1.5934056152972216,-0.09752538374562343,comp.graphics
0.7445863984731299,1.681212326547412,2.047504593530134,-0.19360951103550808,2.2071991847126515,-0.027551129146319298,0.9625025919532985,-3.9098169571173376,-0.014355114749754483,0.8458662613664353,0.2177182010871666,-0.270267604363889,1.1655948951441282,-0.4486956826194842,0.6419471294437011,-2.825982995926399,0.14491375062115242,0.3177046170038293,-9.250854762451599,1.9394161105137189,-2.317101173340486,-0.49419002306691273,0.19112423383639218,-0.2209317249396126,2.8059727713466334,0.23425926445676556,0.48747830984229723,3.12597547688218,0.28384456730273677,-4.311523303201276,1.7204898916525517,-0.8246503402906875,-1.1497074728974057,-1.00292194244312,-0.05883285413152221,1.5709968877517297,-3.2024602676582914,0.5989963416842641,-1.571869925409908,0.8533489773401466,sci.med
0.16336035491580048,3.813006653839257,-9.637952280392378,-0.9793002302826354,4.460472962217885,-1.6139092482886823,0.6332253101150935,2.750039965369951,1.4500468846477461,1.8479063382983762,1.061256258512118,-0.9487486952680001,-0.38762983266324635,-0.8774840221556317,1.3140749815246042,-1.0111237239174067,-0.24356601886610119,-2.7854572989156363,-10.751627548876726,2.741107660594562,-1.0474923001312417,0.10264552853966442,-2.367477653373278,-0.1493614956496412,1.0061112282056304,-1.407087194784017,-3.996349002077924,2.146166178103912,-0.29779615622396016,1.3237844911681678,4.724981100869754,-0.4333895666861532,0.3537706308913895,-0.9683018437759433,-1.934964117240471,-1.1597332574828756,3.751877598180611,-0.22001802765967404,0.9284376894162907,-0.12740687238995974,rec.sport
1.1839874431968893,-5.0596225232241245,-1.0824061535374636,-0.05704116685294176,0.24197347873954578,1.6041636590932353,-0.68604975703518,3.404448177026781,3.4641598135985188,-1.1016219500564353,-0.601944441935177,-0.06003754168856451,-0.6172122466479616,-0.17759599475873897,0.3418252139549665,0.3817207603618398,0.7308769007149394,-3.3478699777817362,10.19801321377985,0.21334654427204344,-2.2763790436010995,-0.7712002995492906,0.6879329720514281,-0.34514688113802716,1.8972038108746816,0.6558921377875826,1.873465002828468,-0.675966209746301,-1.7739696161121294,3.6373020644052074,-0.8364775235377625,-0.6332313967149771,-0.6129832712706895,-0.41417952908778477,0.10705745299229676,3.6037774619476295,-6.367419601701281,0.9639069340758625,0.5459934297907374,-0.020098751769651646,comp.graphics
-1.31246730344855,0.5038744700489426,-0.7723153292195772,1.1770006367903372,0.3886723062802824,-1.2504775769260044,-1.7680567191743972,-1.594036815123481,-0.01745963578611609,0.5301838738800306,-0.8383618800008077,-1.6711471647953489,0.019545844798181757,0.9389571782348514,0.5363892188475762,2.5464100769370046,1.5072632546648046,-5.702022310872118,1.4146315094441606,-1.92860591948212,-0.7142786648125876,-0.49154441380690456,0.0689061331209721,0.6534789819517407,-4.530326223469301,-1.5297740801093362,0.5597370109047648,4.908540188295836,-0.6270486146977409,2.1308196670005293,-2.9504955515582214,-1.2126571326233138,-0.13260407824049675,-0.3264681772965632,-0.05275510800076566,1.1945756946018682,-3.8292911077437175,-1.4942635290662387,-2.8918471597256517,0.18087111148243243,talk.politics
1.1904749851934822,-4.022452639200836,8.708448720572072,-0.28370672836473176,4.463801816120731,0.688541226570645,-1.4972323944841732,-1.647122300082172,-0.7057608610028289,2.4936952132328036,-0.33953015666598657,0.2112093992244567,0.7265116223360603,-0.45903167317890037,1.0219627766781416,-4.850473917659093,0.545968637489309,-10.417007028000441,-11.173297390532657,11.80294428332003,-0.6229538778287038,-0.011997344627723866,-0.790017096815208,1.5844943751570586,-3.451390659325029,0.5817233649705059,1.8336472605473884,7.781819170173392,-0.9780230235225682,0.5721278027041203,1.0547362403861327,0.9609321786082614,0.6928152103009226,5.249620195593844,0.6937061125361853,-0.3833088442600501,0.2982618080639805,0.21871826614148773,-5.923531391201355,-0.16681474069839325,sci.med
-0.3266475631886115,2.8701265048162616,-3.752350324605023,-0.650656621336195,1.7761445862765552,-3.6933031559844007,0.6581430360025633,-3.2012333056323543,0.05726682305052666,-2.2531417908964526,0.36022603707742873,-0.3075714171157992,-0.3952835480161807,0.7034921482250248,2.002427467644797,-2.6854392520211996,-0.4662517105515982,-0.8143304122269925,-5.756448407439622,0.974721441840581,-2.644210026576239,-0.0628938668998582,-0.8915434898545047,1.465210503481381,-1.0062473818740225,-0.07782143613647309,-0.5401951702714403,5.280580569658452,-0.44787764493195836,-0.30857994992123094,1.387515702322178,0.5413212940082783,0.06970426942928022,-0.9825550799515861,1.5929640960273812,-0.6620028976052277,0.4170371255379508,-0.27595145169613816,3.213463438120634,-0.3617238360933866,sci.med
-0.45144539032493364,5.847547727204414,-3.3616222547950536,0.10311792571720485,-0.8234031783562348,0.7757790013336223,-2.0591604836923203,-1.406819501097168,1.0760946182097457,3.040050740548801,0.569758919704179,-0.03756350936619123,0.7985013379072202,-1.532598234597762,-0.9728278925829571,5.081611430263337,0.2816922725900949,0.9314097584259807,1.4955143804397883,-7.798486034287935,1.411113329354903,0.4076897368371771,1.2523463622980082,-0.31178557325602474,-3.9796334213045084,0.26930618956233815,-0.576800047205914,6.430534129970006,0.5809995399616921,5.377244477527882,-2.0827155934968786,-0.32417686104064125,1.1364555743248452,-5.917216215466965,0.8766058798421794,-1.3789801906802501,-0.4531279514179031,1.1494873640103684,0.08549863500362798,-1.574341717731963,talk.politics
1.1377767806686623,-3.350738255330427,2.547473736852247,0.6132655446611438,1.9060145440660088,0.3313607691605247,-1.0685207540824389,1.799587185787573,5.046640739458234,5.444787962021967,-2.5089571784950757,1.7522919091220317,0.3454141816438536,1.9358610256806046,-1.4213499453185472,1.9468342295431593,4.43607483181226,-5.671447735690984,-1.0081678735486523,1.6394907344439842,3.8936161900609143,-0.4362630321800288,2.585975175683896,-0.7621334485140979,-3.9084321654303045,0.1358559015662905,-3.885024263135211,1.3928480791908966,1.0481167592691547,-2.1928857696109954,-4.9826868865730685,-0.7687664100385205,0.41905073475346005,-1.7215828200734125,-0.38418166570697554,-3.522616228751345,-3.429552504425744,-0.09600066173385824,-1.9866828386032338,-0.19805976321890642,sci.med
-0.44480683817049027,2.318574046716579,1.5945212637346136,0.6909109573921928,1.4385506371861252,0.6604489501883218,1.3181970672340253,-0.1518899800412108,0.26908955226726616,5.856912745907189,-0.9258899038911499,-0.04512289032405165,-1.3581749214775936,-0.49156193901893,0.1390286869531256,2.9493030468378296,-1.881684632877966,8.575465745479447,9.83281336735642,-11.593004428591014,-1.9476864478463822,1.3920387515870913,-0.11455942747251965,-0.28857511715410117,-2.5170971266815245,-1.4127257589005562,-3.380319239487255,1.7016017438832243,0.11112937529651211,3.6130881972615176,-6.039682440390547,-0.11366668908143539,0.08409438825019651,1.2397991095953556,-0.4432634648179029,0.7938307161631739,-0.9377627804575325,-0.5168468831738285,3.212365534523295,0.6190329465885325,comp.graphics
-0.3860025756494393,1.4910659962984594,3.9972388442006865,0.9262574910843923,0.6917541638310505,2.2491520132765865,0.2637555848225758,-0.7015075597838847,-0.588602492742015,-0.023677670610795065,0.43594762971547235,-1.0359619286066395,-0.5587995720623407,-1.4464982035406873,0.18209824581586204,-2.5754037902426594,-0.89785278431182,7.732129764167816,1.465537459152506,-6.439109136218719,4.216319420245842,0.6276804178744745,-0.5044226832971694,-0.5442961463142919,2.7309042651786957,-0.46507594620100606,-3.179140317115144,1.9386027260456409,1.664641821966275,-1.9679283755907104,-1.8523395860835838,-0.7619412381350837,-1.5198927996189848,-1.695237813520281,0.4672522151827898,-0.32691386465928396,-1.4075301752168232,1.0845005302909256,0.4367093865901649,-0.02518868352947947,sci.med
-1.2148061358886433,-2.823447978326511,-1.221890399526609,-0.4479613384499751,-0.9410749291899544,0.7540398000804998,0.5559414516458422,2.7193552896170843,-1.0354690704799319,-0.9572197171089829,0.13585942408165688,-0.23058639852361285,-1.9049444540106388,0.8567374214704584,-2.208280776228252,1.3796147752182755,-1.7308444739638316,-4.994070880014184,5.565084882323536,-1.4446560494532954,-0.3064946851659959,0.4504957237780347,-0.7670674554003005,1.7221550978081948,-2.1945017336540658,0.3980482165092625,0.7527915607937339,-0.1211158299241537,-0.26175829022109454,0.5728856035777509,0.0791888090725541,-0.05250506853865217,-0.6038382974931866,1.8346941468806564,-0.4338734629791891,0.5511497382649345,-2.654693793861952,0.39457998548421935,-0.46165332050453967,-0.4257556046515905,comp.graphics
-0.7841638583598328,1.183886829388942,-1.7490127940714728,0.2625028908518338,1.044678563714896,-1.4465951573424765,1.745858970273136,-0.18830278150232882,0.06197642137074566,0.016487142972218205,1.6000978468204783,1.1211881425699046,0.7226748248882985,-0.14170872170182425,-0.470755099124782,-1.2920227479050101,-2.07611860545659,4.187756768309367,0.24946639732942516,-2.2476467276098733,2.3851474944881397,-1.7681310327067183,-0.5434204297765169,-0.11359216170196468,0.10114015888720762,0.8778260312391258,-3.109262231877273,1.4458670225815444,2.9928105700606413,-1.0895394238052714,-0.1581842539761802,1.5283315634862455,1.2638559390963884,-2.096621534862675,-0.7532037815909708,-0.9787604263947091,1.3734212980185314,0.7907593122325293,2.5141149117587824,-0.022030072516940464,sci.med
-0.32601249581684916,-4.483076704171356,0.4696982091310738,-0.16838492247285253,1.1679614025892622,-1.4688785715496293,0.6595314695891383,8.741863742955823,0.14787982870658611,0.32882390002125716,-0.32038505943679435,-0.1539052269746876,1.7665118003276337,0.41875996012749656,0.3903661943953757,0.6656445235150965,0.5788367225197795,-10.039176205945015,-0.0722771230860594,3.801546725787529,-1.8247669980873813,0.8986691603391742,-0.5109891701957271,0.09315833769974234,-1.702324590206953,0.22058353773736078,2.7242116305682713,0.23714258101153773,0.037696573123922904,2.6177542217757335,-2.5053675354338942,-1.7793989305072206,-2.5535495960558983,-7.2693388261406,1.0386060692088166,-2.2304037562840415,0.9361588547144339,-1.2709517210922827,-1.5434117771255982,-0.3785797432131542,comp.graphics
0.9575371632797675,-2.0350319407495254,0.05142230522370321,-0.6737901056594764,-1.584826110516086,2.342462926075025,0.4168015744831139,1.2247164713581153,1.6035010980353732,0.6491579831723644,-1.4308312016246718,-0.14945569316498877,1.1671207880032974,0.9641558841719786,-2.712612563810438,0.7133915613462714,0.28884361479636955,-5.157071743925957,4.707149055670612,7.676527685166769,-2.286209694544117,-0.061097508005868134,1.0829999385168685,1.2785751679393744,-3.3918502739618432,-0.305444702441682,-0.5588648571236774,-2.3085490583708923,-0.7487997960200538,-2.020193737645423,2.288987109311509,-0.47655380143352466,-1.0763811874020583,1.5849577552048768,-0.023050556085466193,1.1248447654834757,-0.5712617665501727,-1.7291828895034203,-0.20706403088546654,1.9529173824895107,comp.graphics
-0.6804940477640476,1.6521218422072668,-5.511659158227029,0.147298000389084,2.1971525802754464,-0.7425315079690826,-0.807591340098296,-1.4840530084399595,0.6118788358724431,0.10885439726302804,0.8117055716132655,0.509683077242329,-0.22347250523693915,0.5682733771527843,0.6149446390313781,1.4622315006758773,-2.5312658875044822,-1.5073199940544257,-3.23677478812004,0.4423385972006751,4.40544161027159,-0.49913895147036563,1.6814924574180155,1.783922595201769,-0.8297445931427443,1.086380711205838,1.2038512384525222,2.6169295253403195,1.1971680272478535,2.606273980958373,3.399619551285066,0.3319184477078873,-0.8838688951407293,-0.4782410924018907,-1.0448363139030712,0.5014424056516229,-0.9273227830737796,0.3333698512608781,-0.5924967313749948,-2.4928104993953535,rec.sport
0.14775590740012853,-7.014555792612986,1.3860781790736576,-0.11447237179886294,1.1381169537467237,2.023911205911368,-0.20698458909836875,4.585679126505901,4.310376497407328,0.5022254320309698,1.530334564354411,0.2103671135408869,-1.031025275147307,0.5342078623746747,-0.7618246716588487,0.6230920757115389,1.7066685473646472,-8.260887424681666,6.390146916180007,9.456020480819454,-2.3900428973203223,0.48058675842771265,0.5519642593318276,-0.836980354439587,-0.4146629710666875,-0.7267419048820193,5.7340819963308185,-2.846900338314045,-0.8729889668893527,4.97514024238262,1.7316662248544719,-0.7780947858327143,-0.34409802826233293,1.3000853926539782,0.8223504708957536,2.9270805741779133,-4.8217894413925775,1.0409541737977894,-0.06699917359128182,-1.265258409085215,comp.graphics
0.3431585541974166,2.528644233905479,-8.073375694008156,-1.0777207457916016,0.0031256947891171727,-5.767514097760772,-0.5403763389870544,0.28999773917552685,0.9445480620436115,0.4816809792163914,-0.787036278933299,0.641541644936012,-0.8014839218310068,0.6436687530224908,0.6229440304133081,2.2176585748122255,-0.509846328344514,-3.4789577049386495,0.3689466430665116,-2.2748014683390547,-3.830012092315102,-3.8366555484593694,0.6122698101053926,-0.4466430468146064,-5.105958712040447,2.0773434395699533,-2.568982595193173,1.9683960666796811,1.2368324661272665,-2.0028380249018287,-3.4727024628272147,-0.97826564926624,-1.5594357791262254,-6.56195479939197,-0.3984452749893668,-3.4673397489157143,0.8516337083776364,2.206468979884672,3.5922120500308754,0.07964958261392499,sci.med
1.1912606816318325,2.464011829797774,-7.5609598514223535,-1.4605008994184878,2.5738990825753794,0.514357964548451,0.13807840841754684,4.4419699314971535,1.7034559844693198,0.051035166169754786,2.7107942990405327,-1.716033248310689,-1.8861287039510262,0.34292637732134257,0.6751370564069208,0.6570796769844758,0.11034838868954444,-4.075982186613224,-5.434887101714213,1.3291194589623212,-1.3194248661142334,-0.3089600145979074,-0.47687646064383565,0.8652897561352498,1.0956958520821496,1.2434691283459636,-2.5040441493261802,0.03469618215720427,-2.1045827987653323,0.8962274811553983,3.786700676422371,-0.06374528550396617,1.677115870186871,1.6889386639667563,0.053059312932619035,0.891672095955433,1.9384558400666452,-0.779375325260117,0.32183954412923144,-0.6518885825313808,rec.sport
2.0538186900865956,0.7771614507165954,-5.438444109613631,-0.44565030302999453,2.0212969927930464,3.2395889826720907,-0.7165734884241052,-1.2190944348207815,4.823611723565886,1.384350429167656,0.034887947089408566,2.105297429458312,0.8095944359718859,-0.6011265526688468,-0.8125457701219858,-0.7582663822164675,-4.237662057531551,-1.5756933542598315,12.295856345027522,8.550345705907684,-0.5409586326786754,0.13659739558875236,-0.1231364353522676,0.858139070934016,-5.241235335442792,1.1659165202552229,-3.165578226177426,-1.2421555173482115,0.025385277972271716,-0.972148192809555,-0.09282615722242649,-1.3755108895687427,0.6025802679783409,-2.0066523991902603,0.5308943142159493,-1.0156129213076224,1.5344556744809668,-1.6667634067891977,1.5533219935159854,-1.4947561464496442,comp.graphics
0.08291185317203993,3.4001493821536872,-11.090313932252466,-1.6251212588825248,-1.7242343903708963,-2.123930893739849,-1.8119893375620542,-1.3561024258801184,1.4663838780297793,-3.7298582152843247,1.411356861745625,1.5019529651885957,-0.9506906934152551,-0.7329260381085351,-0.4149162781203273,1.0929513434191482,2.155916036393936,-3.6273270067353285,2.4566369181157324,-3.72903152858209,2.9216481064446267,-2.3851136986930364,-1.1419418191613115,-0.13698957769394238,-3.946103121800669,-0.7402322525487084,-2.283078886034012,0.07912252967429723,-0.5652587392104036,-0.2258608979104859,-1.1909327230085556,0.785345603010283,0.059905256796438384,-4.195642786287541,-3.1385146662340397,-6.716100447967039,-1.2689520882918763,2.1209935658451093,2.6482820130829445,0.9778475646543314,sci.med
-0.5497893596380333,-0.5863086082962583,-7.016907735409507,-0.6529501558320808,1.8674448643312855,5.506035942596321,0.36901643782516713,3.352430528900798,-4.046258276655998,0.3852843252793301,0.7151743901280584,0.2680504275897533,0.12428569485085071,-1.2535060123717616,-0.31526633391625575,5.035301029524977,4.678759270110916,-14.993642362004705,0.007439414511073841,-10.78741883601157,-6.75760608045022,0.2408767572004076,0.03047641392062887,0.7769367029315166,1.6476729455017942,-0.21495483807895113,-4.274651832875007,-0.7565677026361435,-0.6656934648935469,0.40922905346736294,0.17675977998676928,-0.05111869301537766,-0.8972530061612568,0.7445172735098513,0.9360561679360162,-3.5475570369350002,-3.351862210426069,0.3857499681816948,-4.57046929388213,0.7026599984993058,rec.sport
0.013043374376952133,-1.1455988388676452,2.7746677284223473,1.1186323341542117,-1.9361693915707463,1.2930283648854237,-0.7459421264756013,0.3048997558401312,2.8368061303048933,1.138740114993828,1.2920603343265227,-0.11000549870105147,-0.6615414425152919,1.1955313880867093,-0.1792510253569118,-0.0716662608340628,-0.5363174434825256,5.21504301069501,8.224605867633663,-1.2343199072453606,-3.985847297810496,-1.2395622860802396,-0.856348518281204,-0.6145387836910949,2.0338474022146693,-1.5189697808133147,3.9694380026451803,-0.7956342427987142,-1.5028706086823893,4.026927161022767,-2.438552208610851,-0.7491717266032418,-0.6116337366945591,0.2192216678650889,0.7534194635024307,3.4562925076351405,-3.1974319647465856,0.5045818144773903,1.2268583881839072,0.6265383633369425,comp.graphics
-0.31039680375596906,-0.830074068684693,1.3473906420537751,-1.9545930044832756,-5.423720364485695,-2.188124289568367,0.13111932467514684,-0.060539324076259504,-1.3805124879151156,0.5198286941669096,0.6190831693880101,0.5405895418122408,0.8848425828011585,0.20713943677856853,0.8810621873806654,-1.4013080019256365,2.000434331278199,3.673269948743787,-7.760222576965144,-2.9631443519776295,-3.4128907368601906,-0.7513454696033703,-0.09931433779203207,-0.6938044179018226,4.641731928528238,-0.23927314715185138,-2.3423027128099747,1.4235705548941158,1.5200917409911012,-0.7654330587448515,0.791984891671313,-0.3755089806394995,-0.2724269009308716,0.8845676330474478,2.0512469432694633,-1.6880133578961223,4.501800310012027,1.4781212260994843,0.13258507115324614,-1.4823967869957688,talk.politics
-0.3283752594168024,-0.4136719160031047,-1.7528616812842723,-1.1678653072917102,1.5077186250057568,-1.8407914487239323,0.20479787728191723,1.2129264875029426,-5.326603575722562,-1.4177832053881876,0.6443105001082005,0.5666021483927255,0.4091409227759939,1.5920248985760834,1.1077210959824486,-0.012364191942581648,-0.11247832222581344,-7.7325836408618125,-2.427276047501568,0.4567287579221284,-0.23287653834387456,1.7443111147431112,-0.11184710408631295,-0.8741992700141499,-3.4124487304192552,-0.5877379693198984,-0.4876346739180386,2.836445652943225,0.6635978685607627,0.6268293569354315,1.1177900070581812,0.1464756116533182,-0.4526901485095334,-1.314648684932351,1.4148406628255548,0.254526951462301,-0.617129669389635,-1.443200793785794,-3.712903070703235,0.6381869988485734,talk.politics
0.372842248655825,0.8690250169634341,1.6346833735099102,0.8301613723463044,2.1061551884535374,0.7772970517228024,0.42124737869098017,1.2183524318013894,-2.3194596013539455,3.0865537934189136,1.9235134876034545,1.0323893981263967,0.8468399454691652,1.9530596955398964,0.2201893142051328,3.7164020172104983,0.2802585062642088,-4.210872745611187,4.068913355420374,-5.005643174685076,-0.06531544745916773,0.12999822580159529,0.9951676651586061,-1.7684154256380724,-6.788163421598004,-0.9948563524675411,4.46792750673803,2.165016826409581,-1.0630362728537182,5.907223494309096,-1.872006896951145,-0.9530404633648498,0.9373674142536799,-2.149352683758451,0.5343472134537843,-2.2984742773366333,-4.588855721787267,-0.7598021319877752,1.4895012650894752,-0.7100154428915523,talk.politics
-0.347524942518858,-3.431239534411814,-2.0260410469979244,0.697238046390313,-2.76851333678377,-2.4627954747612506,1.3755969643042085,-0.9061820432705361,-0.17010195798424288,-2.0428598526576307,1.21644738727708,1.2812386535229803,-0.40409531183239966,-1.0656826978195666,-1.1565552170673363,-0.3297876744792554,3.3372011629134715,-2.7447929287680597,3.4957851642541207,-3.2858860645412524,-1.53592550456712,-0.14166263187224326,-0.13111133868048266,1.9920944074974534,0.1306393847263987,-1.6837325676140487,-0.7572956322403104,0.380986492758315,0.3023229003482749,2.5783292426415203,-3.5708589375759106,0.15551160376356082,-0.5775342640192128,4.225930454904348,2.035531456719595,-1.0106495740178474,-1.8382413685553174,-0.10737861841004537,-1.9171289164917624,1.6056779580824545,talk.politics
-0.9157550411335605,-4.492244332471357,-1.8504680362389452,-0.386022797870698,-1.980978150742952,0.9483222341118334,0.8775475534514207,0.9812109933037336,1.9923959876698498,-2.593444075482269,-0.18428900183271194,-2.440704014775084,0.351662354974059,-0.5642898527190192,0.2496094582097118,-2.7380709427797942,-0.6308961166992577,-10.334257247003597,0.6112481012675279,5.744194884181156,-1.465869062941236,-1.323649570842179,1.6264307346088593,0.38292171005726305,-1.6999825782574627,-0.5927028229571065,0.13962782375031813,3.5203145614755655,-0.435901469090433,0.6681735307697971,-0.5425070748374042,-0.20583985992134396,0.23604306382437004,2.542654770781157,0.5686446160127705,-4.099461823713442,1.5985432505652872,0.6552336285137607,-2.556793593826268,0.2569974455858305,sci.med
2.159121154603292,-0.19573330653098964,1.044911331045937,-0.041248128979203026,2.3910490048028157,-2.1380232821039677,-1.4155240669137066,0.8010454466062462,-0.506181201483183,0.9366131276647092,-0.6304584541854775,-0.38045590416635117,0.9778722722111376,0.4115657191642819,0.09131472861134962,-1.6447811596008384,3.6367408762305953,-5.750023406296953,-12.662802777713763,5.951655930550211,7.240726512429744,0.9758233372885634,1.352039365974326,-1.389780143192669,-4.146124575172213,-0.9414031690020248,-2.1620016554559203,2.643889658036994,0.008857703668895378,-3.282454308750932,3.577902126516755,1.6370824079927424,2.0994075205025093,0.022147611603205775,-0.27037139913579117,-2.7530685280406866,-1.8778213444521366,1.1209670236143776,-1.051140561850713,0.8055747028061735,sci.med
-0.9116173021539026,-0.6322565031560448,-9.940571834540274,0.7820273875741276,2.992258798551711,1.27748596553809,1.0522111559570586,0.32516011388795973,2.739182637811438,-3.89669915176236,-0.4283182577977557,-0.24788011907866303,0.09743411029730303,-0.7721923878043793,-0.019918396299731203,5.704342869706363,-3.5729562623259987,-13.697614897661772,3.120290057025802,-3.0669255111997753,-7.521171485841057,-1.8750073874719364,2.2887906608802893,0.4000000056135664,1.0201925532510494,1.6656032136865273,-1.5885511258731286,3.49314128183455,1.1799885296897865,-1.2390368861870635,0.8110066571864774,-0.010465129052729338,-1.7632366989034851,-4.8955165691701685,-0.22694246613792435,-2.266786730341064,3.723707596613112,-0.3755000400755709,4.439996575087827,0.6994642468957021,rec.sport
0.12682468513496187,-4.151968847672279,8.30408481850357,-1.0043378262939064,-2.8439152681337845,1.1932836064543288,-1.087748675353668,2.1616358916532663,-3.434150823594968,-4.1387307705512235,0.02235055496636566,0.17676210325026384,-0.12389236323520093,1.762979652537399,-0.36634167713775767,0.897985249532425,3.1387569696920026,-12.163405095741844,2.223656151451809,4.366010397943123,-2.4016123564722074,1.6833145759275296,-1.3512904026984345,0.6428554939629476,-5.975031632346665,-0.5077167691497139,0.9054113968841786,4.250810052620554,0.3927683630511244,-1.376398742808311,0.7062417989417933,-0.9866590277241104,-0.3001287868282,4.955406512626898,-1.1185234842116323,3.6420023713522376,-2.0981820088736365,-1.7151799707034205,-2.5354264518892755,0.8259235830306532,talk.politics
0.12631251458699935,-2.792471571623011,2.055215626367417,0.06832212993981754,0.5045157977129355,0.9429282171234517,0.5628544804571306,-1.1503321329986107,-1.6940150200720336,-1.0701781864422941,0.7964303666421104,-1.3993421658487708,-0.13774106038792705,-2.2029133532057186,2.3059465859677397,0.5430976946811659,2.7726816882373533,-1.5102995249803535,8.984544676241143,-3.3282970051429275,-2.260364597513555,-1.0886934104763422,-0.3559349170869707,-1.1742022957201466,-0.6522411735790012,-0.22056594026731396,-1.622231153903125,2.0019485452882444,0.561472629826133,5.704044078918913,-1.837900794803856,1.6639862798080995,1.6478776057836733,-2.372715939226162,0.780201721186075,-1.5252037399309026,0.8975997505746423,0.24690606341661173,2.340861838211918,-1.1251978277377233,talk.politics
-0.13080059372695568,-3.5331275519983825,-2.8850270637624336,-0.45121882694387655,-3.4267441042033076,-4.778726187507869,-0.1383352820163779,-0.9969544368128649,2.62289582159757,0.40678990519771285,-1.5693895953746837,-1.8804355440630813,-0.3774234011303297,0.5233237827285886,0.29282884358668343,-2.4381013986580626,1.828018229150603,1.8418270558343528,-2.5291751753634646,0.06222739593889803,0.6846357358248747,0.27751585888189023,0.4131474759526224,0.9067872729323987,1.8844150000224966,-0.8005903423481054,1.5686533852525248,-3.9606020597498572,0.320187854921873,-0.6569473444996505,-5.0358108301278595,-0.6368823889389575,-0.23320849820639397,8.772657431147895,3.157771283044298,-1.248976437738747,-2.8228746881798044,-0.3095098859272293,-4.4271774931324925,0.19200423696867674,talk.politics
0.08198881382471937,-1.0585634244007587,-4.051044913964495,0.6441237678501087,-0.8163008242744537,0.3655663014530831,0.7978507013821389,0.6691702270930862,0.6102727283275826,3.7750808598108367,0.6723893376113824,-0.8607291633953384,-1.8734413039546167,0.505735432472799,-1.7523770951409967,4.091869078594411,1.0165662244493385,-6.800798482761776,0.17453347770777075,-1.0892279567393788,0.3701683585991895,-0.23492427152097461,1.25228366195664,-1.0990447515548727,-5.607501743119723,-0.08670113614820872,0.6996417523714551,-2.0618479961361005,-0.8935150925192802,0.43187415468909685,0.4394778814984719,0.166655817359844,0.1612995426626951,2.058909618604118,0.6458904202758925,-5.236494097073957,-2.6650214939527883,1.25761905635936,0.9815738732041213,0.4060561224280809,comp.graphics
-0.10609063534142033,4.82160074651185,-10.604070091210415,0.9573048225935312,-2.723549500816938,-3.481653786333429,-1.2395880125250283,3.642381953042096,0.8372858001913543,2.9038914996017002,-0.38787578186246957,-0.007688995721369474,0.6078403387350085,-0.8105286298216263,1.2334060763526695,2.0281118756440453,-3.9774408416184457,9.9282040936394,1.5593280257271775,-15.350504221332933,2.4889272910207154,-0.1850976494212187,2.3246989143234176,0.7163400805404107,0.453487755776417,0.8569755369827861,-2.7055621617760135,0.2001961270425634,1.2121292042334861,2.6069179923168018,-2.9292441464441232,1.306072203871629,-0.5289467627246989,-0.7626243982239618,1.1013301648895504,-2.855912588177996,-1.0357920055223286,-0.06844649266641564,3.4575486241100117,0.028775564080998586,comp.graphics
-0.2846255042536789,-1.256566239201873,6.778241914575431,1.495458245242957,-0.06010290575174948,-0.5388366831415999,-0.17464794568162792,-6.87252784039083,1.5385028646167316,1.3285834750514172,-1.4439255470737569,0.28802836830548917,1.360168130828013,-0.906215332047211,-1.972089026643818,0.39705513230670175,3.749627398113633,-5.0652235142332325,-10.8202132694551,1.354332895129233,-3.174246341411039,0.6082671663441893,-2.2185699659510996,0.8495845310466172,0.3839366303837688,0.14197991387400533,1.9643983351155592,7.587780043665525,1.3459350078383152,-2.598219848199315,0.31912581935160245,0.444853537557488,2.4187777793134635,1.540286597874536,-0.18969349345240752,0.536137541179055,-4.1002453779064005,0.3137231828969071,-0.9120958721335832,-1.4846047919196528,sci.med
-0.4100294115389108,-1.2801955386433062,1.2552251353570956,0.6040516449216232,0.6358501828224261,1.460983776176547,0.05389734703320638,-0.6373205981641508,1.539949667793061,-2.2260388837174565,0.10769944910661848,0.09112486725337687,-1.326262161949157,0.7570320650539775,-0.07083684791609023,-4.08243488377911,1.1175826661952943,-0.026620150061206566,-1.726416280823998,1.0660678782599466,6.332295479225258,-0.0018287588441003935,0.6823387820596591,0.6322163140318503,0.8865424453510913,-0.2526248688026368,-3.5412942791929174,4.770553406661789,0.13998209632135372,-0.3166989357585813,1.31170567868422,0.9982176559717297,0.9465770035733866,2.7043787885001516,0.5574085568511856,0.0795100416417851,-2.207429917335343,-3.2415138253291205,-1.5167368337697662,0.2971600238082216,sci.med
-1.0758938287242596,-1.751402959746827,-2.1452546940095805,-0.9358312297905655,-0.24792075744965858,-0.3636273118195419,0.3387581622803661,0.6376324530926666,0.013142477568581334,0.5333382324562472,0.53034290167058,2.045654547677154,-0.12839826591760886,-2.1564453770050327,-1.1231950508753776,5.407006707465733,0.6877226822784361,-5.930562947084464,4.090769243347761,-10.414172635619119,-0.4853281117487094,1.7379849851235203,-0.30226939208252646,-0.263423635119504,-0.572126036675816,-0.3712573706703938,-3.356503004125833,4.658606703659135,0.42896794854851705,1.2133770382427176,-5.867911924423697,0.3044922016801448,0.5308671620671488,1.9947597101343333,-0.06828620776429063,2.105134756977379,-2.826068143321752,0.981149715570353,-4.912408903511501,-0.3869294465999474,talk.politics
-0.14055348550243169,0.5057015524022495,15.572133474855569,0.709410980586605,0.85876906963057,4.230168960435594,0.1177074184609581,-1.2100994637993443,-3.0117611029110147,4.278254008086827,0.38571084053145244,0.599450686321704,-1.671761273328167,0.3726481864800551,-0.6312411362407006,-0.4051760638426075,2.49274904515332,10.46143531036172,-0.6612548317233081,-7.227279608488721,4.44052588156018,-0.40415715947930275,0.21000830802258905,0.5198710181019115,1.350481657406015,0.1664931271151245,-0.5187926909967698,1.067639384337727,0.0017948728781070852,-0.3383262453375234,-1.6293108835466987,-0.8098900990894081,0.6151639842785803,3.038645020852485,2.710331644334893,2.576685926026279,-3.3923179158913896,1.542736367279776,-0.04863282393641932,0.24347507713677022,sci.med
-0.7474556539582122,-4.358167165136196,-11.467725892867366,0.3973970234592343,2.7316178430198343,7.419804109697776,-1.5794362987175987,1.9493867802266251,-2.227036816929833,-3.3494293220075972,-0.10813899039141675,-1.4028661572078547,-0.8178918421385055,0.28004534269740444,-0.2805020534116174,9.991753915859508,3.419097195335402,-25.968945462168428,4.833388552223072,-14.954916871308642,-10.419577909844081,0.08244176663484246,-0.01622311759594124,0.5817817706283626,3.4404989199306995,-2.6745671281541408,-2.8936669120182152,-1.063265926174638,-0.36931877015818887,-1.6535081042910023,-0.6165646355547922,1.1121006192213385,1.1568337810369889,-0.08198696979211806,0.3912093272373939,-5.863711196697478,-4.808738341304244,-1.750975574405228,-2.5410376837786406,-0.17749188377428318,rec.sport
-0.7704247991378789,-3.4543420074516344,5.783839020896605,1.6170449245216825,2.998670156654117,2.291557643223352,-1.1123274696705807,1.832372734470451,-5.040424306187119,1.607640681697614,0.2521948542342867,0.18485865406036467,-1.167757415899921,0.6469045232565658,1.1433615302058282,2.4917962500212143,0.5246513357732738,-6.7736742730971065,-0.2686947450201498,-8.399459077940799,-4.209488952836263,1.515413815348209,0.5092953236420079,-1.135635904757829,0.42112772640209184,-0.6844404020861826,-1.6664177817734627,4.930311764804754,1.1464871587330383,0.9351814364868176,-0.06281129536234475,-1.970308581351401,-0.6160712153363237,-0.008822173698768587,1.2746838496794863,0.5416921682946751,-2.285952895460555,-1.327798673479431,0.30197099999561616,-0.2885329006817962,talk.politics
0.7025333139338557,4.411858103959175,-6.39852255411408,-0.3677845265710552,2.993372546116225,-2.942678277563549,1.299987372262134,1.639807222482847,1.5802770107123112,0.5731157720108788,-1.464974746104889,1.1711676327061467,0.960305168086668,1.4465632912513675,-1.332448347894566,0.24481026143540785,-1.9946142879283792,-0.7743524654162486,-8.894315406264587,3.384830712840066,2.466967645696559,-0.4289807173724197,-1.8385186232720707,1.0831452126607344,-2.0735384222233257,-0.4598592623151402,-3.6860202363473773,3.6554127189962164,0.9647698943024456,-1.7674373805545314,4.199913570411817,-0.6684549108531777,0.8981173241223475,-1.396827222853391,-1.7941918665494363,1.3552512304803066,2.9977060175685395,-0.4296349785275087,1.9952501117771495,-1.3011092663913453,rec.sport
0.22525668198359955,-4.090817271839456,6.24923685268198,-1.2039136489663802,1.288468830218607,-1.966311647864277,1.1572445477310251,-1.0940724134151838,1.898243891189756,5.047806391924495,0.6792938199823493,-0.2990690852300549,-0.17149560038823927,-0.788047623233008,0.629360633428892,2.096462329734235,0.008199179020654812,-1.0707300920326632,-0.20184709773521187,1.5590023512784792,-2.882265840808575,-0.3433351758524492,1.1835491025816047,0.9559358223307622,-1.4945257128536804,0.6569290663420881,4.857305871981746,-1.9774917226964963,1.1422073928855578,-0.7103262670965143,-4.880370579173284,-0.7101366068373821,-1.1646633485123947,2.095680923298105,-0.7346710936768595,0.45262476396974116,-3.2764044142273443,1.4338328386598447,-0.6223949799070798,-1.3772954892720999,talk.politics
1.0972201916064384,-3.3297703369462353,-4.361893265470316,-0.8356890050200362,2.5358836140667425,-0.6247015588970382,0.04932816579484362,1.2907835376722328,3.7806583072914286,1.3328632364209925,0.5764513451224227,-0.4973543714140932,0.7224469852209794,0.34121584249203324,0.8671874128277388,-3.4830231999744354,-1.1885695901213802,5.147769912343524,5.449396226745388,2.794624525212641,0.6081235308280584,2.64201191049262,0.18007103769598148,2.387967705524732,4.535906626366442,1.500274609000988,-2.10413898591559,-3.0079160472877655,0.5980991550474662,1.581385851413752,0.90899097527814,-1.5085559682128564,-0.27293332022551287,0.1611880975072899,-0.3652808582038849,2.8438209334735713,-3.2824937746759897,0.07450959382677262,1.0033661752683776,1.0256321138725824,comp.graphics
0.17146931759039094,-0.3119910911288978,9.22281839316418,0.8635282425215212,-8.825434656765612,1.242929494715115,0.43494103836789866,3.1970347865678956,-2.2281213275836214,1.0430807184645046,0.46795042213185173,-1.217403793496952,-0.3939866812431204,1.9913704184169045,1.1526481032616924,2.142417609131688,-0.910142129934481,3.1194046160564803,9.368047685739343,-5.3171550490435155,-6.743587106529161,-0.7971135662249808,-0.9983067752910549,0.30638948207341404,-3.184505947349802,0.3929135105482163,1.4799207334548745,0.5287945238675522,0.04092474872892285,-2.365284653701897,-5.943915923204672,-1.1702807063967748,0.5187930174517212,-1.0713223801972476,0.5377681903684838,2.364972205981164,-0.21798909754121243,1.5904035685736386,-0.7214917592049874,-0.5691481986725339,comp.graphics
-0.7334820666782794,2.6830540707320556,-1.8580133177477767,0.5510170602262995,2.856578343716645,-1.9037354728249112,0.4090649383340571,4.908747983440333,-0.9481196297822152,3.2135895210592302,0.1869902097246643,-1.6273117279473155,0.6666278834568907,-0.0115150880766451,-0.30082595603229867,-0.6616956473315863,1.175731468119862,1.8328854469815625,-9.097396627712556,0.2553209209735503,-6.419383285234263,-0.526555133136702,-1.3472539175813492,-0.4551989048161591,3.318497945229386,1.0306598082415594,-3.998605524242387,1.5431839867958335,-1.3223474346832955,-0.41610845996088286,4.201483483024051,-0.04427331984464883,-0.8987998102438376,-2.2507646936778247,-1.349925637861273,4.725923499373935,1.7153118979952273,1.0947985022273252,2.078348229175524,-0.8059917310594155,rec.sport
1.25451870238119,1.6268154648961568,-4.264434892443952,0.731898069234381,1.9036495374702607,4.092728669239705,1.605619832565118,-0.06126722558262543,-0.4608188082925786,-2.203797894086817,0.5587238369444854,2.059845001737402,-2.0807405253909783,-0.7113032269494793,0.8007019475455768,4.010053695622826,-1.7159114246887492,-2.1743984102388816,8.728782909091672,-5.824273244912657,-1.1597628860471905,-0.38438737659292116,-1.372079187269614,-0.9367952349593828,1.0867995180601775,0.11712421614985134,0.23591103428360682,-2.2238347049396854,-0.205766993677172,2.9600484768387325,-0.8942197912027894,-0.15647737612315848,1.179942130038464,1.2694185413921109,1.2058184207160432,0.6787122770879996,1.1906293719681116,0.23622364626423303,-0.2945622197207619,-0.9391555697706817,rec.sport
-0.38654161589775976,2.2673768628306394,-9.965639960336059,-0.6534628957248072,-9.015068810013082,-1.979460670296789,-0.3348029874445019,0.3923887834747959,0.2120413347920952,-3.859543156055847,0.3603687159048611,0.20832250862559215,-1.793921113191963,-2.2235741679371968,-0.6355410988155566,2.725115515633105,-4.418436465385121,6.834046188317676,16.62359897575891,-13.691631450295699,-4.767047281533544,1.243405797187162,-0.657134962278058,-0.5998213939170615,-0.41974178871153334,-0.5180690194750568,-0.7524134494533778,-1.2798822784559762,1.228030209608135,0.6120371194056814,-3.7331863231024034,-0.9106450871824898,-0.6977189038982449,1.6026446634996276,-0.5667051080550528,1.9760470488339925,-3.559498632697739,-0.3009803123932219,3.5437701908933574,-0.6314370274831833,comp.graphics
1.0230565552522393,-4.034953472622808,-1.0382942086315257,1.9002684243109647,-1.2742938895651126,1.9265753196108557,-0.9799255747822445,-0.9398807596685168,1.1240768781071746,-1.7652720948664211,1.167509822986446,0.3911278769327262,-1.9573385891339898,0.2731184342936442,1.6435415091205292,1.0404333033017554,-1.1292240855780538,-3.7625437465087943,12.71443452304273,2.2117505355460243,-2.164625903742081,-0.34406395670422657,-1.3481770454274902,0.19337945192415906,-1.9792866130443825,-0.9982122585114053,0.80710241067967,-2.0606761712723483,-0.37453415075025087,0.28911349309850654,-0.1037702336931976,-0.7239647304677874,0.015682236471624342,2.944200194314269,-0.6681430483277668,2.6786550737118917,-4.209019660634319,-0.002786110666901238,0.15946460239359395,-0.5330904020158331,comp.graphics
0.7043362098540789,0.5662560077255762,0.006520141938726378,0.9653266671611266,-0.6235324956774504,-0.504723060215537,1.101737861786209,1.1941313202636248,0.10574494145722024,-1.4253896911351183,-1.0976109822757267,-0.4177830125136188,0.49199348683649613,-0.8022718339345204,1.85204004481367,-1.5891979798231544,0.39817493692337,0.27944934917822767,0.3096455255592782,1.297750202654327,-2.1907162751117832,2.721912147906493,1.0729296145073466,0.39495797032330715,-0.21386156202135487,-0.5046337422892345,-0.6681837682929203,0.5184955943683364,0.8444558720716657,-0.7051533320824206,0.6742650106632013,-0.36162810937254564,-0.8533994740391114,-2.0543116394314627,-1.606256788401958,-0.5161265142833108,1.0916993755634794,-0.8031108339533145,2.802381796368035,-0.7318573084158859,sci.med
0.7531899497325488,1.0276343729823376,-2.047316408185125,-1.6102631187918002,-3.418846968261824,-4.5802105839131535,-0.37598357935186616,0.9636781059640726,3.992738443576142,2.6726884863092186,1.46644239118858,-0.3386690538837576,-0.5610891309809973,0.47001366124666144,-1.0820177850419361,1.099652415503224,-0.029352900840943885,-0.08676083007049133,-0.45351284238555645,3.4040504590402962,1.5868918617199876,2.1563496317292987,0.4050353858557128,-2.7452995536723845,-7.025572184048277,0.10338199621209512,8.351131238257947,-0.16751444508672986,-0.3806946237950925,5.385855202840991,-4.085587804858533,-1.4092157980245135,-0.8455521763546138,3.574368812768207,-0.4894142344944204,-1.2089671605906307,-3.811649061877845,-0.9864404990992466,-1.1986427525964836,0.5168252658244509,talk.politics
0.7704635956872266,-1.877622837138402,0.6143417274729328,0.42876125888076383,-6.04790440738055,-2.166879979966523,-0.3764225545881953,-1.6343045253844888,-1.6012907644590852,-1.5623865961076076,-0.05678859588627712,0.9557039711138672,0.3160678697299512,0.08739142892012171,2.1934495502883857,1.5882263284444813,0.4208815358667123,-3.3604903751494337,-1.208819552025937,-4.54383995333939,-2.3680707093778333,-1.9899462698211248,-1.5072258203839384,1.2841046951788975,-1.4926368193349593,-0.01605403924858619,-0.8160009899281915,2.9523153415741055,0.33237683351960967,-3.05508488460371,-1.44990476677231,-0.8904357529426616,-0.556717897857163,-1.1537487761033236,0.5838830222840011,-4.21232405742322,1.1388673493481456,2.583573660166567,1.5481305428541388,-1.330226255641338,sci.med
0.4752586047173115,0.853849494557947,1.9903490992071489,0.14159578673988282,3.372040709982066,-4.472276747448304,-0.5820613340930124,-3.1051716493292196,0.06917410668355561,0.4956256635024876,0.5845240518374347,-1.655224712189433,0.3990441406465261,2.8652120230859626,1.1706616293176602,-1.4888373878398913,0.9230650572372991,3.2460772982186867,-5.040474738922934,-2.2144280145524458,1.9739255697845821,-0.5924654553805143,1.2855822343616794,-0.23875260206343432,-1.990686122116399,-0.9019926494431975,-2.345974334845833,3.9605892380920427,0.3270723748778453,-1.2844879442558406,-1.2286579915023703,-0.26813913924176325,-0.05706129143115594,0.17583129108999196,-1.3200771877373016,-1.7154470022102086,-0.055008385026082296,2.824220426395203,5.3888285331235215,-0.3542063885087883,sci.med
-1.3115491378986817,4.283802954174488,-3.129881082878365,-0.2365373833685352,1.6021834020117371,-0.6870748447138183,0.15763455844094396,-1.4972733793120572,-1.7163128451120455,-2.4015377227090386,0.665334534508875,-0.851180482447485,0.19495509241218734,-0.766352609265016,0.18807335699177305,-1.315827796373992,2.731591500576223,1.836538145059549,3.3548687097997045,-3.5613828584456586,-1.338226558434257,-0.28815026242251623,-0.7956551338258075,0.5106006904103135,-1.736435676635327,-0.07878840008029991,-1.2897489444559591,-1.3927076677455725,0.15047449877390098,-1.1229585952944763,-1.240545788889201,2.2096055760423776,1.399417926653883,-5.777114482983718,-0.024129110454973405,-2.5089969508636054,-2.7805589563448865,-0.6368452142703895,3.6736264362059163,0.7410169513364492,sci.med
-0.2352739099724389,1.7659987053295028,-3.216369157845317,-2.077119853773874,-0.008861892161183826,3.2330759164079836,-1.1694806292030167,0.05106337004590422,1.48099247225591,-1.8929462605575058,-1.9819644857387133,-1.5449359221534005,-0.7209701084698963,-0.14365952989711814,2.1458249250764885,2.3010745677445694,-3.0789258834883797,-0.4635034976175198,12.842569605789285,-3.007422376245362,-1.2665281147589036,-0.43229517910733023,-1.3537546747097586,-1.03799135498923,-3.0477668077359503,-0.1650805650030461,-3.254354509333008,-0.4527730394525449,1.2727147339712648,-0.5349201992059047,-2.409110965767913,-1.4991812019576982,0.7344767450012178,0.6460493426186286,2.779963624223556,-0.0757935266873444,2.2244600810276873,0.03175945658145075,2.4675957277702767,0.07567354061338613,comp.graphics
-0.47020333878531134,-4.556013017511643,-2.6561760668487047,0.2431346551384891,-2.9610961785323786,-0.6648213202836621,0.7209969529056358,3.4212068246805893,0.03592624904602926,2.1262066312429138,-1.381591718463581,-0.9785883899886544,-0.5451862447263219,-1.2276799644560572,0.612332214002512,-0.5961731496251237,-2.1406873139333698,-0.3580745612308972,3.4922129587800113,3.1519659520675085,0.7178460812562575,-1.4935097782531435,-0.9214510234289213,-0.9943550656308734,-0.9214863208867164,-0.5912780093697056,2.8457620742630154,-5.213906473947091,-2.123947582700665,0.41152380859496784,2.9769503420865515,-1.7982147394091075,-0.5653929702854015,3.9710129805782133,2.92727009247333,0.7193638508803015,-4.9814812239546775,0.35834451107600324,-0.4712202827171261,-1.1965579286166865,comp.graphics
0.4205367059040693,-4.89871198639005,-2.6573352133899806,1.5323803825876219,-5.654981902574875,-0.8624438240891127,0.7331793174225577,1.2245805188407781,-6.354304036201497,-0.428532321967221,1.0621674475886602,0.5400178017231407,1.378142680497613,-1.2628647537281779,1.8481091041055524,1.502185800631449,-3.663182541424834,-9.415756508255706,-11.665101288253515,-2.976164530167516,-3.0873256350062235,-0.3410929321416082,0.7589816954601127,-0.34319156868671197,2.016619998174308,-1.2295262512173861,1.9567654497193787,-1.8590079005003177,1.0219631550600035,-8.6499267003095,7.704562546089234,-0.32351494678445714,0.44807834101289173,6.591713702973722,-0.9906232233772576,-1.5889121947052014,-4.003231821826074,0.10722928841915275,-2.3542607777818345,-0.49987103450503223,talk.politics
-0.45822302925650094,2.8023199007092936,-4.395239477595787,-2.4874567587061294,3.3634896166944737,-3.0529655974261933,0.6180684939300419,-0.4276362546135344,-5.144547110676925,-0.5703014408533307,-0.49061223402665266,-0.47606255777786693,0.3465270183130004,-1.709226399202596,1.6641920547838993,-1.1496832005789368,0.16160237271069744,-3.9543327615188333,-4.924652271624534,0.9500163102625827,-3.0113711014739826,-0.9395651672539582,1.53739673068429,-1.5297489550040915,-2.491573632693056,0.3916980160104727,2.947371101141454,2.958908435296469,-1.8082953284995145,4.639455669430462,3.8676993941222104,-0.28275932762936834,1.4141103906067818,-4.823190804592685,-1.0084330205311458,-0.11950795327879793,-1.6898981866869502,-0.08920329769166797,0.47048454159421915,1.610292980482871,talk.politics
